header	seqid	accession	identity	evalue	sciname	taxids	taxonomy
>ERR4019242.4 10317.000102894_3 length=151 number of reps 75125	ERR4019242.4	MT416449.1	100.0	1.7899999999999994e-71	Escherichia coli	562	Proteobacteria;Gammaproteobacteria;Enterobacterales;Enterobacteriaceae;Escherichia;Escherichia coli
>ERR4019242.10434 10317.000102894_10433 length=150 number of reps 22229	ERR4019242.10434	MT416449.1	100.0	6.369999999999999e-71	Escherichia coli	562	Proteobacteria;Gammaproteobacteria;Enterobacterales;Enterobacteriaceae;Escherichia;Escherichia coli
>ERR2032678.183 10317.000046446_182 length=150 number of reps 17608	ERR2032678.183	LC528171.1	100.0	6.369999999999999e-71	Akkermansia muciniphila	239935	Verrucomicrobia;Verrucomicrobiae;Verrucomicrobiales;Akkermansiaceae;Akkermansia;Akkermansia muciniphila
>ERR2032678.42 10317.000046446_41 length=150 number of reps 15753	ERR2032678.42	MT515977.1	100.0	6.369999999999999e-71	Bacteroides vulgatus	821	Bacteroidetes;Bacteroidia;Bacteroidales;Bacteroidaceae;Bacteroides;Bacteroides vulgatus
>ERR2696578.1 10317.000092706_0 length=151 number of reps 13279	ERR2696578.1	MN965695.1	100.0	1.7899999999999994e-71	Hafnia sp.	1873498	Proteobacteria;Gammaproteobacteria;Enterobacterales;Hafniaceae;Hafnia;Hafnia sp.
>ERR2032678.10 10317.000046446_9 length=150 number of reps 12960	ERR2032678.10	MT445090.1	100.0	6.369999999999999e-71	uncultured bacterium	77133	NaN;NaN;NaN;NaN;NaN;uncultured bacterium
>ERR4019242.6 10317.000102894_5 length=151 number of reps 10978	ERR4019242.6	MT516170.1	100.0	6.429999999999998e-71	Escherichia fergusonii	564	Proteobacteria;Gammaproteobacteria;Enterobacterales;Enterobacteriaceae;Escherichia;Escherichia fergusonii
>ERR2032678.122 10317.000046446_121 length=150 number of reps 10871	ERR2032678.122	MN326670.1	100.0	6.369999999999999e-71	Bacteroides caccae	47678	Bacteroidetes;Bacteroidia;Bacteroidales;Bacteroidaceae;Bacteroides;Bacteroides caccae
>ERR2032678.54 10317.000046446_53 length=150 number of reps 10431	ERR2032678.54	MN215011.1	100.0	6.369999999999999e-71	uncultured Bacteroides sp.	162156	Bacteroidetes;Bacteroidia;Bacteroidales;Bacteroidaceae;Bacteroides;uncultured Bacteroides sp.
>ERR2032678.86 10317.000046446_85 length=150 number of reps 9851	ERR2032678.86	MT268988.1	100.0	6.369999999999999e-71	Bacteroides uniformis	820	Bacteroidetes;Bacteroidia;Bacteroidales;Bacteroidaceae;Bacteroides;Bacteroides uniformis
>ERR2032678.75 10317.000046446_74 length=150 number of reps 8939	ERR2032678.75	CP048437.1	100.0	6.369999999999999e-71	Faecalibacterium prausnitzii A2-165	411483	Firmicutes;Clostridia;Clostridiales;Ruminococcaceae;Faecalibacterium;Faecalibacterium prausnitzii
>ERR2032678.44 10317.000046446_43 length=150 number of reps 8556	ERR2032678.44	LR699017.1	100.0	6.369999999999999e-71	Faecalibacterium prausnitzii	853	Firmicutes;Clostridia;Clostridiales;Ruminococcaceae;Faecalibacterium;Faecalibacterium prausnitzii
>ERR2032678.225 10317.000046446_224 length=150 number of reps 7523	ERR2032678.225	MN212164.1	100.0	6.369999999999999e-71	uncultured bacterium	77133	NaN;NaN;NaN;NaN;NaN;uncultured bacterium
>ERR4019242.154 10317.000102894_153 length=151 number of reps 5801	ERR4019242.154	MT464394.1	100.0	1.7899999999999994e-71	Bacteroides dorei	357276	Bacteroidetes;Bacteroidia;Bacteroidales;Bacteroidaceae;Bacteroides;Bacteroides dorei
>ERR2032678.152 10317.000046446_151 length=150 number of reps 4939	ERR2032678.152	MT464394.1	100.0	6.369999999999999e-71	Bacteroides dorei	357276	Bacteroidetes;Bacteroidia;Bacteroidales;Bacteroidaceae;Bacteroides;Bacteroides dorei
>ERR2696578.7 10317.000092706_6 length=151 number of reps 4838	ERR2696578.7	MN965695.1	100.0	6.429999999999998e-71	Hafnia sp.	1873498	Proteobacteria;Gammaproteobacteria;Enterobacterales;Hafniaceae;Hafnia;Hafnia sp.
>ERR2032678.107 10317.000046446_106 length=150 number of reps 4773	ERR2032678.107	LR654642.1	100.0	6.369999999999999e-71	uncultured bacterium	77133	NaN;NaN;NaN;NaN;NaN;uncultured bacterium
>ERR4019242.6295 10317.000102894_6294 length=151 number of reps 4685	ERR4019242.6295	LC528171.1	100.0	1.7899999999999994e-71	Akkermansia muciniphila	239935	Verrucomicrobia;Verrucomicrobiae;Verrucomicrobiales;Akkermansiaceae;Akkermansia;Akkermansia muciniphila
>ERR4019242.7984 10317.000102894_7983 length=151 number of reps 4654	ERR4019242.7984	LR797773.1	100.0	1.7899999999999994e-71	Enterobacter ludwigii	299767	Proteobacteria;Gammaproteobacteria;Enterobacterales;Enterobacteriaceae;Enterobacter;Enterobacter ludwigii
>ERR2032678.28 10317.000046446_27 length=150 number of reps 4214	ERR2032678.28	MN474722.1	100.0	6.369999999999999e-71	uncultured bacterium	77133	NaN;NaN;NaN;NaN;NaN;uncultured bacterium
>ERR4019242.188 10317.000102894_187 length=151 number of reps 4094	ERR4019242.188	MT268987.1	100.0	1.7899999999999994e-71	Bacteroides ovatus	28116	Bacteroidetes;Bacteroidia;Bacteroidales;Bacteroidaceae;Bacteroides;Bacteroides ovatus
>ERR2032678.35 10317.000046446_34 length=150 number of reps 4021	ERR2032678.35	LR641029.1	100.0	6.369999999999999e-71	uncultured bacterium	77133	NaN;NaN;NaN;NaN;NaN;uncultured bacterium
>ERR1842292.92 10317.000047140_91 length=150 number of reps 4006	ERR1842292.92	MF081231.1	100.0	6.369999999999999e-71	uncultured bacterium	77133	NaN;NaN;NaN;NaN;NaN;uncultured bacterium
>ERR1841787.3208 10317.000051573_3207 length=150 number of reps 3948	ERR1841787.3208	LR797773.1	100.0	6.369999999999999e-71	Enterobacter ludwigii	299767	Proteobacteria;Gammaproteobacteria;Enterobacterales;Enterobacteriaceae;Enterobacter;Enterobacter ludwigii
>ERR1233446.244 10317.000040351_243 length=150 number of reps 3891	ERR1233446.244	KX654242.1	100.0	6.369999999999999e-71	uncultured bacterium	77133	NaN;NaN;NaN;NaN;NaN;uncultured bacterium
>ERR4019242.2484 10317.000102894_2483 length=151 number of reps 3819	ERR4019242.2484	CP020509.1	100.0	1.7899999999999994e-71	Escherichia coli	562	Proteobacteria;Gammaproteobacteria;Enterobacterales;Enterobacteriaceae;Escherichia;Escherichia coli
>ERR2032678.208 10317.000046446_207 length=150 number of reps 3432	ERR2032678.208	MT268987.1	100.0	6.369999999999999e-71	Bacteroides ovatus	28116	Bacteroidetes;Bacteroidia;Bacteroidales;Bacteroidaceae;Bacteroides;Bacteroides ovatus
>ERR2032678.330 10317.000046446_329 length=150 number of reps 3368	ERR2032678.330	MH291619.1	100.0	6.369999999999999e-71	uncultured bacterium	77133	NaN;NaN;NaN;NaN;NaN;uncultured bacterium
>ERR2405043.106 10317.000076643_105 length=151 number of reps 3259	ERR2405043.106	LC515634.1	100.0	1.7899999999999994e-71	Bacteroides stercoris	46506	Bacteroidetes;Bacteroidia;Bacteroidales;Bacteroidaceae;Bacteroides;Bacteroides stercoris
>ERR2032678.796 10317.000046446_795 length=150 number of reps 3252	ERR2032678.796	AP019004.1	100.0	6.369999999999999e-71	Phascolarctobacterium faecium	33025	Firmicutes;Negativicutes;Acidaminococcales;Acidaminococcaceae;Phascolarctobacterium;Phascolarctobacterium faecium
>ERR2405043.125 10317.000076643_124 length=151 number of reps 2938	ERR2405043.125	MT268988.1	100.0	1.7899999999999994e-71	Bacteroides uniformis	820	Bacteroidetes;Bacteroidia;Bacteroidales;Bacteroidaceae;Bacteroides;Bacteroides uniformis
>ERR1845970.3 10317.000042649_2 length=150 number of reps 2918	ERR1845970.3	MN965695.1	100.0	6.369999999999999e-71	Hafnia sp.	1873498	Proteobacteria;Gammaproteobacteria;Enterobacterales;Hafniaceae;Hafnia;Hafnia sp.
>ERR1233446.31 10317.000040351_30 length=150 number of reps 2797	ERR1233446.31	KX974043.1	100.0	6.369999999999999e-71	uncultured bacterium	77133	NaN;NaN;NaN;NaN;NaN;uncultured bacterium
>ERR4019242.1846 10317.000102894_1845 length=151 number of reps 2785	ERR4019242.1846	MT515977.1	100.0	1.7899999999999994e-71	Bacteroides vulgatus	821	Bacteroidetes;Bacteroidia;Bacteroidales;Bacteroidaceae;Bacteroides;Bacteroides vulgatus
>ERR2032678.285 10317.000046446_284 length=150 number of reps 2755	ERR2032678.285	MG857875.1	100.0	6.369999999999999e-71	uncultured bacterium	77133	NaN;NaN;NaN;NaN;NaN;uncultured bacterium
>ERR2032678.43 10317.000046446_42 length=150 number of reps 2717	ERR2032678.43	MN212438.1	100.0	6.369999999999999e-71	uncultured bacterium	77133	NaN;NaN;NaN;NaN;NaN;uncultured bacterium
>ERR2032678.1 10317.000046446_0 length=150 number of reps 2703	ERR2032678.1	MT445109.1	100.0	6.369999999999999e-71	uncultured bacterium	77133	NaN;NaN;NaN;NaN;NaN;uncultured bacterium
>ERR2032678.3405 10317.000046446_3404 length=150 number of reps 2609	ERR2032678.3405	KY285461.1	100.0	6.369999999999999e-71	uncultured bacterium	77133	NaN;NaN;NaN;NaN;NaN;uncultured bacterium
>ERR2032678.155 10317.000046446_154 length=150 number of reps 2609	ERR2032678.155	LR640650.1	100.0	6.369999999999999e-71	uncultured bacterium	77133	NaN;NaN;NaN;NaN;NaN;uncultured bacterium
>ERR2318004.2169 10317.000037493_2168 length=151 number of reps 2566	ERR2318004.2169	MT510198.1	100.0	1.7899999999999994e-71	Pseudomonas aeruginosa	287	Proteobacteria;Gammaproteobacteria;Pseudomonadales;Pseudomonadaceae;Pseudomonas;Pseudomonas aeruginosa
>ERR2032677.21244 10317.000046445_21243 length=150 number of reps 2552	ERR2032677.21244	MH761555.1	100.0	6.369999999999999e-71	uncultured bacterium	77133	NaN;NaN;NaN;NaN;NaN;uncultured bacterium
>ERR2032678.3 10317.000046446_2 length=150 number of reps 2412	ERR2032678.3	MH569911.1	100.0	6.369999999999999e-71	uncultured bacterium	77133	NaN;NaN;NaN;NaN;NaN;uncultured bacterium
>ERR2032678.24583 10317.000046446_24582 length=150 number of reps 2392	ERR2032678.24583	MT421943.1	100.0	6.369999999999999e-71	Citrobacter freundii	546	Proteobacteria;Gammaproteobacteria;Enterobacterales;Enterobacteriaceae;Citrobacter;Citrobacter freundii
>ERR2306239.14846 10317.000074849_14845 length=151 number of reps 2374	ERR2306239.14846	LR135607.1	100.0	1.7899999999999994e-71	Klebsiella michiganensis	1134687	Proteobacteria;Gammaproteobacteria;Enterobacterales;Enterobacteriaceae;Klebsiella;Klebsiella michiganensis
>ERR2405043.1 10317.000076643_0 length=151 number of reps 2258	ERR2405043.1	MT445090.1	100.0	1.7899999999999994e-71	uncultured bacterium	77133	NaN;NaN;NaN;NaN;NaN;uncultured bacterium
>ERR2032678.67 10317.000046446_66 length=150 number of reps 2212	ERR2032678.67	MK727100.1	100.0	6.369999999999999e-71	uncultured bacterium	77133	NaN;NaN;NaN;NaN;NaN;uncultured bacterium
>ERR1842459.1646 10317.000051244_1645 length=150 number of reps 2210	ERR1842459.1646	MT491072.1	100.0	6.369999999999999e-71	Bifidobacterium pseudocatenulatum	28026	Actinobacteria;Actinobacteria;Bifidobacteriales;Bifidobacteriaceae;Bifidobacterium;Bifidobacterium pseudocatenulatum
>ERR2697007.31 10317.000093401_30 length=151 number of reps 2060	ERR2697007.31	LC486834.1	100.0	1.7899999999999994e-71	Pseudomonas salomonii	191391	Proteobacteria;Gammaproteobacteria;Pseudomonadales;Pseudomonadaceae;Pseudomonas;Pseudomonas salomonii
>ERR2032678.1156 10317.000046446_1155 length=150 number of reps 2039	ERR2032678.1156	LR590664.1	100.0	6.369999999999999e-71	Methanobrevibacter smithii	2173	Euryarchaeota;Methanobacteria;Methanobacteriales;Methanobacteriaceae;Methanobrevibacter;Methanobrevibacter smithii
>ERR2032678.460 10317.000046446_459 length=150 number of reps 1878	ERR2032678.460	MN474435.1	100.0	6.369999999999999e-71	uncultured bacterium	77133	NaN;NaN;NaN;NaN;NaN;uncultured bacterium
>ERR2032678.405 10317.000046446_404 length=150 number of reps 1840	ERR2032678.405	MT464345.1	100.0	6.369999999999999e-71	Bacteroides thetaiotaomicron	818	Bacteroidetes;Bacteroidia;Bacteroidales;Bacteroidaceae;Bacteroides;Bacteroides thetaiotaomicron
>ERR1845970.19389 10317.000042649_19388 length=150 number of reps 1807	ERR1845970.19389	MH761842.1	100.0	6.369999999999999e-71	uncultured bacterium	77133	NaN;NaN;NaN;NaN;NaN;uncultured bacterium
>ERR2032678.30846 10317.000046446_30845 length=150 number of reps 1771	ERR2032678.30846	MN212470.1	100.0	6.369999999999999e-71	uncultured bacterium	77133	NaN;NaN;NaN;NaN;NaN;uncultured bacterium
>ERR4019242.27 10317.000102894_26 length=151 number of reps 1702	ERR4019242.27	CP020509.1	100.0	6.429999999999998e-71	Escherichia coli	562	Proteobacteria;Gammaproteobacteria;Enterobacterales;Enterobacteriaceae;Escherichia;Escherichia coli
>ERR2032678.272 10317.000046446_271 length=150 number of reps 1685	ERR2032678.272	MT491082.1	100.0	6.369999999999999e-71	Bifidobacterium longum	216816	Actinobacteria;Actinobacteria;Bifidobacteriales;Bifidobacteriaceae;Bifidobacterium;Bifidobacterium longum
>ERR2405043.37 10317.000076643_36 length=151 number of reps 1679	ERR2405043.37	MT464345.1	100.0	1.7899999999999994e-71	Bacteroides thetaiotaomicron	818	Bacteroidetes;Bacteroidia;Bacteroidales;Bacteroidaceae;Bacteroides;Bacteroides thetaiotaomicron
>ERR2032678.34 10317.000046446_33 length=150 number of reps 1672	ERR2032678.34	MN212362.1	100.0	6.369999999999999e-71	uncultured bacterium	77133	NaN;NaN;NaN;NaN;NaN;uncultured bacterium
>ERR2032678.119 10317.000046446_118 length=150 number of reps 1630	ERR2032678.119	MF365015.1	100.0	6.369999999999999e-71	uncultured bacterium	77133	NaN;NaN;NaN;NaN;NaN;uncultured bacterium
>ERR2032678.348 10317.000046446_347 length=150 number of reps 1611	ERR2032678.348	MT268985.1	100.0	6.369999999999999e-71	Bacteroides fragilis	817	Bacteroidetes;Bacteroidia;Bacteroidales;Bacteroidaceae;Bacteroides;Bacteroides fragilis
>ERR4019242.1614 10317.000102894_1613 length=151 number of reps 1472	ERR4019242.1614	LR654642.1	100.0	1.7899999999999994e-71	uncultured bacterium	77133	NaN;NaN;NaN;NaN;NaN;uncultured bacterium
>ERR2032677.2868 10317.000046445_2867 length=150 number of reps 1432	ERR2032677.2868	MG858628.1	100.0	6.369999999999999e-71	uncultured bacterium	77133	NaN;NaN;NaN;NaN;NaN;uncultured bacterium
>ERR2405043.89 10317.000076643_88 length=151 number of reps 1394	ERR2405043.89	MT225834.1	100.0	1.7899999999999994e-71	Pseudomonas psychrophila	122355	Proteobacteria;Gammaproteobacteria;Pseudomonadales;Pseudomonadaceae;Pseudomonas;Pseudomonas psychrophila
>ERR4019242.11422 10317.000102894_11421 length=151 number of reps 1369	ERR4019242.11422	CP048437.1	100.0	1.7899999999999994e-71	Faecalibacterium prausnitzii A2-165	411483	Firmicutes;Clostridia;Clostridiales;Ruminococcaceae;Faecalibacterium;Faecalibacterium prausnitzii
>ERR2032678.213 10317.000046446_212 length=150 number of reps 1369	ERR2032678.213	CP051672.1	100.0	6.369999999999999e-71	Parabacteroides distasonis	823	Bacteroidetes;Bacteroidia;Bacteroidales;Tannerellaceae;Parabacteroides;Parabacteroides distasonis
>ERR2032678.265 10317.000046446_264 length=150 number of reps 1354	ERR2032678.265	LR654483.1	100.0	6.369999999999999e-71	uncultured bacterium	77133	NaN;NaN;NaN;NaN;NaN;uncultured bacterium
>ERR2032678.25622 10317.000046446_25621 length=150 number of reps 1338	ERR2032678.25622	MT268988.1	99.333	2.96e-69	Bacteroides uniformis	820	Bacteroidetes;Bacteroidia;Bacteroidales;Bacteroidaceae;Bacteroides;Bacteroides uniformis
>ERR2032678.852 10317.000046446_851 length=150 number of reps 1330	ERR2032678.852	MN474887.1	100.0	6.369999999999999e-71	uncultured bacterium	77133	NaN;NaN;NaN;NaN;NaN;uncultured bacterium
>ERR1233446.307 10317.000040351_306 length=150 number of reps 1330	ERR1233446.307	KY879767.1	100.0	6.369999999999999e-71	uncultured bacterium	77133	NaN;NaN;NaN;NaN;NaN;uncultured bacterium
>ERR2032678.129 10317.000046446_128 length=150 number of reps 1319	ERR2032678.129	MH761406.1	100.0	6.369999999999999e-71	uncultured bacterium	77133	NaN;NaN;NaN;NaN;NaN;uncultured bacterium
>ERR2696578.29 10317.000092706_28 length=151 number of reps 1306	ERR2696578.29	MT071379.1	100.0	1.7899999999999994e-71	Serratia fonticola	47917	Proteobacteria;Gammaproteobacteria;Enterobacterales;Yersiniaceae;Serratia;Serratia fonticola
>ERR2032678.66 10317.000046446_65 length=150 number of reps 1300	ERR2032678.66	MG702837.1	100.0	6.369999999999999e-71	uncultured Lachnospiraceae bacterium	297314	Firmicutes;Clostridia;Clostridiales;Lachnospiraceae;NaN;uncultured Lachnospiraceae bacterium
>ERR2306239.11 10317.000074849_10 length=151 number of reps 1275	ERR2306239.11	MT464460.1	100.0	1.7899999999999994e-71	Streptomyces sp.	1931	Actinobacteria;Actinobacteria;Streptomycetales;Streptomycetaceae;Streptomyces;Streptomyces sp.
>ERR2057011.8928 10317.000065565_8927 length=150 number of reps 1273	ERR2057011.8928	MH288077.1	100.0	6.369999999999999e-71	uncultured bacterium	77133	NaN;NaN;NaN;NaN;NaN;uncultured bacterium
>ERR2032678.169 10317.000046446_168 length=150 number of reps 1253	ERR2032678.169	MH761663.1	100.0	6.369999999999999e-71	uncultured bacterium	77133	NaN;NaN;NaN;NaN;NaN;uncultured bacterium
>ERR2032678.6 10317.000046446_5 length=150 number of reps 1197	ERR2032678.6	MN156805.1	100.0	6.369999999999999e-71	uncultured bacterium	77133	NaN;NaN;NaN;NaN;NaN;uncultured bacterium
>ERR2032678.11 10317.000046446_10 length=150 number of reps 1197	ERR2032678.11	KY285399.1	100.0	6.369999999999999e-71	uncultured bacterium	77133	NaN;NaN;NaN;NaN;NaN;uncultured bacterium
>ERR2032678.1869 10317.000046446_1868 length=150 number of reps 1193	ERR2032678.1869	LR638605.1	100.0	6.369999999999999e-71	uncultured bacterium	77133	NaN;NaN;NaN;NaN;NaN;uncultured bacterium
>ERR2032678.91 10317.000046446_90 length=150 number of reps 1190	ERR2032678.91	MN474561.1	100.0	6.369999999999999e-71	uncultured bacterium	77133	NaN;NaN;NaN;NaN;NaN;uncultured bacterium
>ERR1233446.160 10317.000040351_159 length=150 number of reps 1179	ERR1233446.160	MH569897.1	100.0	6.369999999999999e-71	uncultured bacterium	77133	NaN;NaN;NaN;NaN;NaN;uncultured bacterium
>ERR2032678.11412 10317.000046446_11411 length=150 number of reps 1048	ERR2032678.11412	MH570162.1	100.0	6.369999999999999e-71	uncultured bacterium	77133	NaN;NaN;NaN;NaN;NaN;uncultured bacterium
>ERR2032678.26 10317.000046446_25 length=150 number of reps 1033	ERR2032678.26	CP040518.1	100.0	6.369999999999999e-71	Blautia sp. SC05B48	2479767	Firmicutes;Clostridia;Clostridiales;Lachnospiraceae;Blautia;Blautia sp. SC05B48
>ERR2032678.111 10317.000046446_110 length=150 number of reps 1011	ERR2032678.111	MT445110.1	100.0	6.369999999999999e-71	uncultured bacterium	77133	NaN;NaN;NaN;NaN;NaN;uncultured bacterium
>ERR4019242.54 10317.000102894_53 length=151 number of reps 1007	ERR4019242.54	MT268985.1	100.0	1.7899999999999994e-71	Bacteroides fragilis	817	Bacteroidetes;Bacteroidia;Bacteroidales;Bacteroidaceae;Bacteroides;Bacteroides fragilis
>ERR2306239.78 10317.000074849_77 length=151 number of reps 970	ERR2306239.78	MN212477.1	100.0	1.7899999999999994e-71	uncultured bacterium	77133	NaN;NaN;NaN;NaN;NaN;uncultured bacterium
>ERR2032678.5743 10317.000046446_5742 length=150 number of reps 958	ERR2032678.5743	LR595740.1	100.0	6.369999999999999e-71	uncultured bacterium	77133	NaN;NaN;NaN;NaN;NaN;uncultured bacterium
>ERR2032678.608 10317.000046446_607 length=150 number of reps 949	ERR2032678.608	GU104978.1	100.0	6.369999999999999e-71	uncultured bacterium	77133	NaN;NaN;NaN;NaN;NaN;uncultured bacterium
>ERR2032678.85 10317.000046446_84 length=150 number of reps 936	ERR2032678.85	LR651246.1	100.0	6.369999999999999e-71	uncultured bacterium	77133	NaN;NaN;NaN;NaN;NaN;uncultured bacterium
>ERR2032678.779 10317.000046446_778 length=150 number of reps 924	ERR2032678.779	MN212470.1	99.333	2.96e-69	uncultured bacterium	77133	NaN;NaN;NaN;NaN;NaN;uncultured bacterium
>ERR1842459.1294 10317.000051244_1293 length=150 number of reps 915	ERR1842459.1294	MN081733.1	100.0	6.369999999999999e-71	Bacteroides sartorii	671267	Bacteroidetes;Bacteroidia;Bacteroidales;Bacteroidaceae;Bacteroides;Bacteroides sartorii
>ERR1233446.15 10317.000040351_14 length=150 number of reps 888	ERR1233446.15	GU107916.1	100.0	6.369999999999999e-71	uncultured bacterium	77133	NaN;NaN;NaN;NaN;NaN;uncultured bacterium
>ERR2032678.1657 10317.000046446_1656 length=150 number of reps 867	ERR2032678.1657	MN474697.1	100.0	6.369999999999999e-71	uncultured bacterium	77133	NaN;NaN;NaN;NaN;NaN;uncultured bacterium
>ERR2032678.6507 10317.000046446_6506 length=150 number of reps 864	ERR2032678.6507	LR636945.1	100.0	6.369999999999999e-71	uncultured bacterium	77133	NaN;NaN;NaN;NaN;NaN;uncultured bacterium
>ERR2032678.69 10317.000046446_68 length=150 number of reps 861	ERR2032678.69	MH570136.1	100.0	6.369999999999999e-71	uncultured Bacteroides sp.	162156	Bacteroidetes;Bacteroidia;Bacteroidales;Bacteroidaceae;Bacteroides;uncultured Bacteroides sp.
>ERR2032678.12112 10317.000046446_12111 length=150 number of reps 852	ERR2032678.12112	MN474843.1	100.0	6.369999999999999e-71	uncultured bacterium	77133	NaN;NaN;NaN;NaN;NaN;uncultured bacterium
>ERR2032678.2166 10317.000046446_2165 length=150 number of reps 837	ERR2032678.2166	LR595740.1	99.333	2.96e-69	uncultured bacterium	77133	NaN;NaN;NaN;NaN;NaN;uncultured bacterium
>ERR2405043.96 10317.000076643_95 length=151 number of reps 827	ERR2405043.96	LR650316.1	100.0	1.7899999999999994e-71	uncultured bacterium	77133	NaN;NaN;NaN;NaN;NaN;uncultured bacterium
>ERR2405043.25 10317.000076643_24 length=151 number of reps 827	ERR2405043.25	MN212362.1	100.0	1.7899999999999994e-71	uncultured bacterium	77133	NaN;NaN;NaN;NaN;NaN;uncultured bacterium
>ERR2032678.22 10317.000046446_21 length=150 number of reps 805	ERR2032678.22	LR637623.1	100.0	6.369999999999999e-71	uncultured bacterium	77133	NaN;NaN;NaN;NaN;NaN;uncultured bacterium
>ERR2032678.9 10317.000046446_8 length=150 number of reps 800	ERR2032678.9	GU243840.1	100.0	6.369999999999999e-71	uncultured bacterium	77133	NaN;NaN;NaN;NaN;NaN;uncultured bacterium
>ERR2032677.28668 10317.000046445_28667 length=150 number of reps 788	ERR2032677.28668	MN803310.1	100.0	6.369999999999999e-71	Sphingobacterium daejeonense	371142	Bacteroidetes;Sphingobacteriia;Sphingobacteriales;Sphingobacteriaceae;Sphingobacterium;Sphingobacterium daejeonense
>ERR2032678.46 10317.000046446_45 length=150 number of reps 784	ERR2032678.46	HQ748123.1	100.0	6.369999999999999e-71	uncultured organism	155900	NaN;NaN;NaN;NaN;NaN;uncultured organism
>ERR2318004.18 10317.000037493_17 length=151 number of reps 767	ERR2318004.18	MN212492.1	99.338	8.309999999999998e-70	uncultured bacterium	77133	NaN;NaN;NaN;NaN;NaN;uncultured bacterium
>ERR2032678.13779 10317.000046446_13778 length=150 number of reps 765	ERR2032678.13779	MF670802.1	100.0	6.369999999999999e-71	uncultured Faecalibacterium sp.	259315	Firmicutes;Clostridia;Clostridiales;Ruminococcaceae;Faecalibacterium;uncultured Faecalibacterium sp.
>ERR2057011.178 10317.000065565_177 length=150 number of reps 764	ERR2057011.178	MN212240.1	100.0	6.369999999999999e-71	uncultured bacterium	77133	NaN;NaN;NaN;NaN;NaN;uncultured bacterium
>ERR2405043.5743 10317.000076643_5742 length=151 number of reps 762	ERR2405043.5743	AP019738.1	100.0	1.7899999999999994e-71	Alistipes sp. 3BBH6	2585117	Bacteroidetes;Bacteroidia;Bacteroidales;Rikenellaceae;Alistipes;Alistipes onderdonkii
>ERR2032678.393 10317.000046446_392 length=150 number of reps 762	ERR2032678.393	LR027880.1	100.0	6.369999999999999e-71	Roseburia intestinalis L1-82	536231	Firmicutes;Clostridia;Clostridiales;Lachnospiraceae;Roseburia;Roseburia intestinalis
>ERR2032678.21362 10317.000046446_21361 length=150 number of reps 743	ERR2032678.21362	LR650316.1	100.0	6.369999999999999e-71	uncultured bacterium	77133	NaN;NaN;NaN;NaN;NaN;uncultured bacterium
>ERR2032678.423 10317.000046446_422 length=150 number of reps 735	ERR2032678.423	LC515556.1	100.0	6.369999999999999e-71	Collinsella aerofaciens	74426	Actinobacteria;Coriobacteriia;Coriobacteriales;Coriobacteriaceae;Collinsella;Collinsella aerofaciens
>ERR2032678.390 10317.000046446_389 length=150 number of reps 731	ERR2032678.390	LR640086.1	100.0	6.369999999999999e-71	uncultured bacterium	77133	NaN;NaN;NaN;NaN;NaN;uncultured bacterium
>ERR1842469.1477 10317.000051560_1476 length=150 number of reps 727	ERR1842469.1477	LC267337.1	100.0	6.369999999999999e-71	uncultured bacterium	77133	NaN;NaN;NaN;NaN;NaN;uncultured bacterium
>ERR2032678.13645 10317.000046446_13644 length=150 number of reps 718	ERR2032678.13645	KF385804.1	100.0	6.369999999999999e-71	uncultured bacterium	77133	NaN;NaN;NaN;NaN;NaN;uncultured bacterium
>ERR2405043.495 10317.000076643_494 length=151 number of reps 707	ERR2405043.495	MN326670.1	100.0	1.7899999999999994e-71	Bacteroides caccae	47678	Bacteroidetes;Bacteroidia;Bacteroidales;Bacteroidaceae;Bacteroides;Bacteroides caccae
>ERR4019242.5523 10317.000102894_5522 length=151 number of reps 706	ERR4019242.5523	MH222252.1	100.0	1.7899999999999994e-71	uncultured bacterium	77133	NaN;NaN;NaN;NaN;NaN;uncultured bacterium
>ERR2303942.879 10317.000068682_878 length=151 number of reps 704	ERR2303942.879	KP807886.1	98.675	3.87e-68	uncultured bacterium	77133	NaN;NaN;NaN;NaN;NaN;uncultured bacterium
>ERR2032678.215 10317.000046446_214 length=150 number of reps 702	ERR2032678.215	CP040902.1	100.0	6.369999999999999e-71	Longibaculum sp. KGMB06250	2584943	Firmicutes;Erysipelotrichia;Erysipelotrichales;Erysipelotrichaceae;Longibaculum;Longibaculum sp. KGMB06250
>ERR2032678.1828 10317.000046446_1827 length=150 number of reps 699	ERR2032678.1828	CP051144.1	100.0	6.369999999999999e-71	Romboutsia sp. CE17	2724150	Firmicutes;Erysipelotrichia;Erysipelotrichales;Erysipelotrichaceae;Longibaculum;Longibaculum sp. KGMB06250
>ERR2032678.1048 10317.000046446_1047 length=150 number of reps 694	ERR2032678.1048	MH570035.1	100.0	6.369999999999999e-71	uncultured bacterium	77133	NaN;NaN;NaN;NaN;NaN;uncultured bacterium
>ERR4019242.228 10317.000102894_227 length=151 number of reps 693	ERR4019242.228	MN841017.1	99.338	2.3099999999999995e-70	Escherichia coli	562	Proteobacteria;Gammaproteobacteria;Enterobacterales;Enterobacteriaceae;Escherichia;Escherichia coli
>ERR2032678.19971 10317.000046446_19970 length=150 number of reps 693	ERR2032678.19971	MF800729.1	98.0	6.419999999999999e-66	uncultured bacterium	77133	NaN;NaN;NaN;NaN;NaN;uncultured bacterium
>ERR4019242.8961 10317.000102894_8960 length=151 number of reps 692	ERR4019242.8961	MN474887.1	100.0	1.7899999999999994e-71	uncultured bacterium	77133	NaN;NaN;NaN;NaN;NaN;uncultured bacterium
>ERR2032678.3070 10317.000046446_3069 length=150 number of reps 692	ERR2032678.3070	MN474769.1	100.0	6.369999999999999e-71	uncultured bacterium	77133	NaN;NaN;NaN;NaN;NaN;uncultured bacterium
>ERR2318004.23 10317.000037493_22 length=151 number of reps 684	ERR2318004.23	CP053859.1	100.0	1.7899999999999994e-71	Aeromonas hydrophila	644	Proteobacteria;Gammaproteobacteria;Aeromonadales;Aeromonadaceae;Aeromonas;Aeromonas hydrophila
>ERR2032678.1017 10317.000046446_1016 length=150 number of reps 684	ERR2032678.1017	MT445141.1	100.0	6.369999999999999e-71	uncultured bacterium	77133	NaN;NaN;NaN;NaN;NaN;uncultured bacterium
>ERR2405043.3948 10317.000076643_3947 length=151 number of reps 682	ERR2405043.3948	MT268988.1	100.0	6.429999999999998e-71	Bacteroides uniformis	820	Bacteroidetes;Bacteroidia;Bacteroidales;Bacteroidaceae;Bacteroides;Bacteroides uniformis
>ERR2318004.97 10317.000037493_96 length=151 number of reps 649	ERR2318004.97	MN165866.1	100.0	1.7899999999999994e-71	Bacillus trypoxylicola	519424	Firmicutes;Bacilli;Bacillales;Bacillaceae;Bacillus;Bacillus trypoxylicola
>ERR2032678.2087 10317.000046446_2086 length=150 number of reps 648	ERR2032678.2087	LC528172.1	100.0	6.369999999999999e-71	Anaerostipes hadrus	649756	Firmicutes;Clostridia;Clostridiales;Lachnospiraceae;Anaerostipes;Anaerostipes hadrus
>ERR4019242.33 10317.000102894_32 length=151 number of reps 646	ERR4019242.33	MH978077.1	100.0	1.7899999999999994e-71	uncultured bacterium	77133	NaN;NaN;NaN;NaN;NaN;uncultured bacterium
>ERR2032678.9917 10317.000046446_9916 length=150 number of reps 644	ERR2032678.9917	AP019738.1	100.0	6.369999999999999e-71	Alistipes sp. 3BBH6	2585117	Bacteroidetes;Bacteroidia;Bacteroidales;Rikenellaceae;Alistipes;Alistipes onderdonkii
>ERR2032678.131 10317.000046446_130 length=150 number of reps 642	ERR2032678.131	MT445121.1	100.0	6.369999999999999e-71	uncultured bacterium	77133	NaN;NaN;NaN;NaN;NaN;uncultured bacterium
>ERR2303942.2290 10317.000068682_2289 length=151 number of reps 639	ERR2303942.2290	MH761181.1	100.0	1.7899999999999994e-71	uncultured bacterium	77133	NaN;NaN;NaN;NaN;NaN;uncultured bacterium
>ERR1233446.42 10317.000040351_41 length=150 number of reps 631	ERR1233446.42	FJ366813.1	98.667	1.3799999999999999e-67	uncultured bacterium	77133	NaN;NaN;NaN;NaN;NaN;uncultured bacterium
>ERR2032678.3610 10317.000046446_3609 length=150 number of reps 629	ERR2032678.3610	MF800729.1	97.333	2.9899999999999997e-64	uncultured bacterium	77133	NaN;NaN;NaN;NaN;NaN;uncultured bacterium
>ERR2306239.149 10317.000074849_148 length=151 number of reps 625	ERR2306239.149	KF841716.1	100.0	1.7899999999999994e-71	uncultured bacterium	77133	NaN;NaN;NaN;NaN;NaN;uncultured bacterium
>ERR2032678.4 10317.000046446_3 length=150 number of reps 624	ERR2032678.4	MG702771.1	100.0	6.369999999999999e-71	uncultured Lachnospiraceae bacterium	297314	Firmicutes;Clostridia;Clostridiales;Lachnospiraceae;NaN;uncultured Lachnospiraceae bacterium
>ERR2032678.3415 10317.000046446_3414 length=150 number of reps 619	ERR2032678.3415	MT268993.1	100.0	6.369999999999999e-71	Odoribacter splanchnicus	28118	Bacteroidetes;Bacteroidia;Bacteroidales;Odoribacteraceae;Odoribacter;Odoribacter splanchnicus
>ERR4019242.5151 10317.000102894_5150 length=151 number of reps 606	ERR4019242.5151	LR134082.1	100.0	1.7899999999999994e-71	Escherichia coli	562	Proteobacteria;Gammaproteobacteria;Enterobacterales;Enterobacteriaceae;Escherichia;Escherichia coli
>ERR2032678.22356 10317.000046446_22355 length=150 number of reps 568	ERR2032678.22356	MT445143.1	100.0	6.369999999999999e-71	uncultured bacterium	77133	NaN;NaN;NaN;NaN;NaN;uncultured bacterium
>ERR2032678.211 10317.000046446_210 length=150 number of reps 565	ERR2032678.211	MN474844.1	100.0	6.369999999999999e-71	uncultured bacterium	77133	NaN;NaN;NaN;NaN;NaN;uncultured bacterium
>ERR2032678.24705 10317.000046446_24704 length=150 number of reps 563	ERR2032678.24705	LR641270.1	100.0	6.369999999999999e-71	uncultured bacterium	77133	NaN;NaN;NaN;NaN;NaN;uncultured bacterium
>ERR2032678.1516 10317.000046446_1515 length=150 number of reps 562	ERR2032678.1516	LC515634.1	100.0	6.369999999999999e-71	Bacteroides stercoris	46506	Bacteroidetes;Bacteroidia;Bacteroidales;Bacteroidaceae;Bacteroides;Bacteroides stercoris
>ERR2306239.272 10317.000074849_271 length=151 number of reps 561	ERR2306239.272	KT301601.1	100.0	1.7899999999999994e-71	uncultured Klebsiella sp.	284011	Proteobacteria;Gammaproteobacteria;Enterobacterales;Enterobacteriaceae;Klebsiella;uncultured Klebsiella sp.
>ERR2318004.37738 10317.000037493_37737 length=151 number of reps 560	ERR2318004.37738	MT415980.1	100.0	1.7899999999999994e-71	Bacillus simplex	1478	Firmicutes;Bacilli;Bacillales;Bacillaceae;Bacillus;Bacillus simplex
>ERR2032678.99 10317.000046446_98 length=150 number of reps 553	ERR2032678.99	KT924959.1	100.0	6.369999999999999e-71	uncultured bacterium	77133	NaN;NaN;NaN;NaN;NaN;uncultured bacterium
>ERR2032678.3180 10317.000046446_3179 length=150 number of reps 547	ERR2032678.3180	LC515557.1	100.0	6.369999999999999e-71	Dysosmobacter welbionis	2093857	Firmicutes;Clostridia;Clostridiales;Oscillospiraceae;Dysosmobacter;Dysosmobacter welbionis
>ERR2032678.5513 10317.000046446_5512 length=150 number of reps 545	ERR2032678.5513	MK728230.1	100.0	6.369999999999999e-71	uncultured bacterium	77133	NaN;NaN;NaN;NaN;NaN;uncultured bacterium
>ERR2405043.87 10317.000076643_86 length=151 number of reps 543	ERR2405043.87	MN474722.1	100.0	1.7899999999999994e-71	uncultured bacterium	77133	NaN;NaN;NaN;NaN;NaN;uncultured bacterium
>ERR2032678.11151 10317.000046446_11150 length=150 number of reps 541	ERR2032678.11151	JF163938.1	100.0	6.369999999999999e-71	uncultured bacterium	77133	NaN;NaN;NaN;NaN;NaN;uncultured bacterium
>ERR4019242.1297 10317.000102894_1296 length=151 number of reps 535	ERR4019242.1297	EU182056.2	100.0	1.7899999999999994e-71	uncultured bacterium	77133	NaN;NaN;NaN;NaN;NaN;uncultured bacterium
>ERR2032678.538 10317.000046446_537 length=150 number of reps 530	ERR2032678.538	FJ220117.1	100.0	6.369999999999999e-71	uncultured Bacteroides sp.	162156	Bacteroidetes;Bacteroidia;Bacteroidales;Bacteroidaceae;Bacteroides;uncultured Bacteroides sp.
>ERR2032678.2757 10317.000046446_2756 length=150 number of reps 529	ERR2032678.2757	MN474469.1	100.0	6.369999999999999e-71	uncultured bacterium	77133	NaN;NaN;NaN;NaN;NaN;uncultured bacterium
>ERR2405043.130 10317.000076643_129 length=151 number of reps 528	ERR2405043.130	MN081733.1	100.0	1.7899999999999994e-71	Bacteroides sartorii	671267	Bacteroidetes;Bacteroidia;Bacteroidales;Bacteroidaceae;Bacteroides;Bacteroides sartorii
>ERR4019242.114 10317.000102894_113 length=151 number of reps 526	ERR4019242.114	LR699017.1	100.0	1.7899999999999994e-71	Faecalibacterium prausnitzii	853	Firmicutes;Clostridia;Clostridiales;Ruminococcaceae;Faecalibacterium;Faecalibacterium prausnitzii
>ERR1842469.503 10317.000051560_502 length=150 number of reps 525	ERR1842469.503	LR637151.1	100.0	6.369999999999999e-71	uncultured bacterium	77133	NaN;NaN;NaN;NaN;NaN;uncultured bacterium
>ERR4019242.1462 10317.000102894_1461 length=151 number of reps 524	ERR4019242.1462	KT926592.1	100.0	1.7899999999999994e-71	uncultured bacterium	77133	NaN;NaN;NaN;NaN;NaN;uncultured bacterium
>ERR2032678.18410 10317.000046446_18409 length=150 number of reps 522	ERR2032678.18410	MN474966.1	100.0	6.369999999999999e-71	uncultured bacterium	77133	NaN;NaN;NaN;NaN;NaN;uncultured bacterium
>ERR1841787.3754 10317.000051573_3753 length=150 number of reps 508	ERR1841787.3754	MH468612.1	100.0	6.369999999999999e-71	uncultured bacterium	77133	NaN;NaN;NaN;NaN;NaN;uncultured bacterium
>ERR4019242.2222 10317.000102894_2221 length=151 number of reps 506	ERR4019242.2222	LR782231.1	100.0	1.7899999999999994e-71	Escherichia coli	562	Proteobacteria;Gammaproteobacteria;Enterobacterales;Enterobacteriaceae;Escherichia;Escherichia coli
>ERR4019242.61 10317.000102894_60 length=151 number of reps 501	ERR4019242.61	MT509819.1	100.0	1.7899999999999994e-71	Dialister invisus	218538	Firmicutes;Negativicutes;Veillonellales;Veillonellaceae;Dialister;Dialister invisus
>ERR1845970.12 10317.000042649_11 length=150 number of reps 499	ERR1845970.12	MT071379.1	100.0	6.369999999999999e-71	Serratia fonticola	47917	Proteobacteria;Gammaproteobacteria;Enterobacterales;Yersiniaceae;Serratia;Serratia fonticola
>ERR2405043.42 10317.000076643_41 length=151 number of reps 498	ERR2405043.42	CP051672.1	100.0	1.7899999999999994e-71	Parabacteroides distasonis	823	Bacteroidetes;Bacteroidia;Bacteroidales;Tannerellaceae;Parabacteroides;Parabacteroides distasonis
>ERR4019242.18238 10317.000102894_18237 length=151 number of reps 494	ERR4019242.18238	MT445121.1	100.0	1.7899999999999994e-71	uncultured bacterium	77133	NaN;NaN;NaN;NaN;NaN;uncultured bacterium
>ERR2032678.389 10317.000046446_388 length=150 number of reps 486	ERR2032678.389	MH572109.1	100.0	6.369999999999999e-71	uncultured Lachnospiraceae bacterium	297314	Firmicutes;Clostridia;Clostridiales;Lachnospiraceae;NaN;uncultured Lachnospiraceae bacterium
>ERR2032666.21265 10317.000046434_21264 length=150 number of reps 483	ERR2032666.21265	MN212527.1	100.0	6.369999999999999e-71	uncultured bacterium	77133	NaN;NaN;NaN;NaN;NaN;uncultured bacterium
>ERR2032677.4571 10317.000046445_4570 length=150 number of reps 464	ERR2032677.4571	MH761181.1	100.0	6.369999999999999e-71	uncultured bacterium	77133	NaN;NaN;NaN;NaN;NaN;uncultured bacterium
>ERR2032678.475 10317.000046446_474 length=150 number of reps 463	ERR2032678.475	GU100263.1	100.0	6.369999999999999e-71	uncultured bacterium	77133	NaN;NaN;NaN;NaN;NaN;uncultured bacterium
>ERR4019242.5817 10317.000102894_5816 length=151 number of reps 459	ERR4019242.5817	LR640086.1	100.0	1.7899999999999994e-71	uncultured bacterium	77133	NaN;NaN;NaN;NaN;NaN;uncultured bacterium
>ERR2032678.1165 10317.000046446_1164 length=150 number of reps 459	ERR2032678.1165	MN212432.1	100.0	6.369999999999999e-71	uncultured bacterium	77133	NaN;NaN;NaN;NaN;NaN;uncultured bacterium
>ERR2032678.746 10317.000046446_745 length=150 number of reps 444	ERR2032678.746	MT445091.1	100.0	6.369999999999999e-71	uncultured bacterium	77133	NaN;NaN;NaN;NaN;NaN;uncultured bacterium
>ERR4019242.1907 10317.000102894_1906 length=151 number of reps 443	ERR4019242.1907	MH291619.1	100.0	1.7899999999999994e-71	uncultured bacterium	77133	NaN;NaN;NaN;NaN;NaN;uncultured bacterium
>ERR1842459.6072 10317.000051244_6071 length=150 number of reps 439	ERR1842459.6072	MN866761.1	100.0	6.369999999999999e-71	Corynebacterium xerosis	1725	Actinobacteria;Actinobacteria;Corynebacteriales;Corynebacteriaceae;Corynebacterium;Corynebacterium xerosis
>ERR2032678.56 10317.000046446_55 length=150 number of reps 438	ERR2032678.56	LR647866.1	100.0	6.369999999999999e-71	uncultured bacterium	77133	NaN;NaN;NaN;NaN;NaN;uncultured bacterium
>ERR2405043.245 10317.000076643_244 length=151 number of reps 436	ERR2405043.245	MG857875.1	100.0	1.7899999999999994e-71	uncultured bacterium	77133	NaN;NaN;NaN;NaN;NaN;uncultured bacterium
>ERR2696578.387 10317.000092706_386 length=151 number of reps 434	ERR2696578.387	MT071379.1	99.338	8.309999999999998e-70	Serratia fonticola	47917	Proteobacteria;Gammaproteobacteria;Enterobacterales;Yersiniaceae;Serratia;Serratia fonticola
>ERR2032678.3454 10317.000046446_3453 length=150 number of reps 428	ERR2032678.3454	CP052059.1	100.0	6.369999999999999e-71	Citrobacter koseri	545	Proteobacteria;Gammaproteobacteria;Enterobacterales;Enterobacteriaceae;Citrobacter;Citrobacter koseri
>ERR2405043.10 10317.000076643_9 length=151 number of reps 407	ERR2405043.10	MN212518.1	100.0	1.7899999999999994e-71	uncultured bacterium	77133	NaN;NaN;NaN;NaN;NaN;uncultured bacterium
>ERR2032678.1960 10317.000046446_1959 length=150 number of reps 402	ERR2032678.1960	MF491213.1	100.0	6.369999999999999e-71	uncultured bacterium	77133	NaN;NaN;NaN;NaN;NaN;uncultured bacterium
>ERR2032678.728 10317.000046446_727 length=150 number of reps 399	ERR2032678.728	KY299737.1	100.0	6.369999999999999e-71	uncultured bacterium	77133	NaN;NaN;NaN;NaN;NaN;uncultured bacterium
>ERR2032678.20726 10317.000046446_20725 length=150 number of reps 398	ERR2032678.20726	KP108987.1	100.0	6.369999999999999e-71	uncultured Oscillibacter sp.	876091	Firmicutes;Clostridia;Clostridiales;Oscillospiraceae;Oscillibacter;uncultured Oscillibacter sp.
>ERR2306239.1151 10317.000074849_1150 length=151 number of reps 392	ERR2306239.1151	KX996786.1	100.0	1.7899999999999994e-71	uncultured bacterium	77133	NaN;NaN;NaN;NaN;NaN;uncultured bacterium
>ERR2032678.23083 10317.000046446_23082 length=150 number of reps 390	ERR2032678.23083	MH761885.1	100.0	6.369999999999999e-71	uncultured bacterium	77133	NaN;NaN;NaN;NaN;NaN;uncultured bacterium
>ERR2032678.839 10317.000046446_838 length=150 number of reps 388	ERR2032678.839	KC304281.1	100.0	6.369999999999999e-71	uncultured bacterium	77133	NaN;NaN;NaN;NaN;NaN;uncultured bacterium
>ERR1841787.1255 10317.000051573_1254 length=150 number of reps 376	ERR1841787.1255	LR135607.1	100.0	6.369999999999999e-71	Klebsiella michiganensis	1134687	Proteobacteria;Gammaproteobacteria;Enterobacterales;Enterobacteriaceae;Klebsiella;Klebsiella michiganensis
>ERR2032678.21386 10317.000046446_21385 length=150 number of reps 367	ERR2032678.21386	HQ701449.1	100.0	6.369999999999999e-71	uncultured bacterium	77133	NaN;NaN;NaN;NaN;NaN;uncultured bacterium
>ERR4019242.17588 10317.000102894_17587 length=151 number of reps 366	ERR4019242.17588	MT445109.1	100.0	1.7899999999999994e-71	uncultured bacterium	77133	NaN;NaN;NaN;NaN;NaN;uncultured bacterium
>ERR1842459.72 10317.000051244_71 length=150 number of reps 359	ERR1842459.72	MT509819.1	100.0	6.369999999999999e-71	Dialister invisus	218538	Firmicutes;Negativicutes;Veillonellales;Veillonellaceae;Dialister;Dialister invisus
>ERR2032678.9109 10317.000046446_9108 length=150 number of reps 357	ERR2032678.9109	LC515569.1	100.0	6.369999999999999e-71	Flavonifractor plautii	292800	Firmicutes;Clostridia;Clostridiales;Ruminococcaceae;Flavonifractor;Flavonifractor plautii
>ERR2405043.115 10317.000076643_114 length=151 number of reps 352	ERR2405043.115	LR651246.1	100.0	1.7899999999999994e-71	uncultured bacterium	77133	NaN;NaN;NaN;NaN;NaN;uncultured bacterium
>ERR2032678.1395 10317.000046446_1394 length=150 number of reps 346	ERR2032678.1395	MH761873.1	100.0	6.369999999999999e-71	uncultured bacterium	77133	NaN;NaN;NaN;NaN;NaN;uncultured bacterium
>ERR2405043.152 10317.000076643_151 length=151 number of reps 344	ERR2405043.152	CP051672.1	100.0	1.7899999999999994e-71	Parabacteroides distasonis	823	Bacteroidetes;Bacteroidia;Bacteroidales;Tannerellaceae;Parabacteroides;Parabacteroides distasonis
>ERR2032678.105 10317.000046446_104 length=150 number of reps 344	ERR2032678.105	LR648866.1	100.0	6.369999999999999e-71	uncultured bacterium	77133	NaN;NaN;NaN;NaN;NaN;uncultured bacterium
>ERR2032678.4048 10317.000046446_4047 length=150 number of reps 333	ERR2032678.4048	MN474540.1	100.0	6.369999999999999e-71	uncultured bacterium	77133	NaN;NaN;NaN;NaN;NaN;uncultured bacterium
>ERR2032678.171 10317.000046446_170 length=150 number of reps 333	ERR2032678.171	FJ368484.1	100.0	6.369999999999999e-71	uncultured bacterium	77133	NaN;NaN;NaN;NaN;NaN;uncultured bacterium
>ERR2306239.5288 10317.000074849_5287 length=151 number of reps 332	ERR2306239.5288	MT421943.1	100.0	1.7899999999999994e-71	Citrobacter freundii	546	Proteobacteria;Gammaproteobacteria;Enterobacterales;Enterobacteriaceae;Citrobacter;Citrobacter freundii
>ERR1842459.129 10317.000051244_128 length=150 number of reps 332	ERR1842459.129	AP019739.1	100.0	6.369999999999999e-71	Alistipes sp. 5CBH24	2585118	Bacteroidetes;Bacteroidia;Bacteroidales;Rikenellaceae;Alistipes;Alistipes communis
>ERR2032678.337 10317.000046446_336 length=150 number of reps 331	ERR2032678.337	JX230374.1	100.0	6.369999999999999e-71	uncultured Lachnospiraceae bacterium	297314	Firmicutes;Clostridia;Clostridiales;Lachnospiraceae;NaN;uncultured Lachnospiraceae bacterium
>ERR4019242.5504 10317.000102894_5503 length=151 number of reps 326	ERR4019242.5504	LR640650.1	100.0	1.7899999999999994e-71	uncultured bacterium	77133	NaN;NaN;NaN;NaN;NaN;uncultured bacterium
>ERR4019242.1689 10317.000102894_1688 length=151 number of reps 314	ERR4019242.1689	LC268636.1	100.0	1.7899999999999994e-71	uncultured bacterium	77133	NaN;NaN;NaN;NaN;NaN;uncultured bacterium
>ERR2032678.2879 10317.000046446_2878 length=150 number of reps 314	ERR2032678.2879	MH222073.1	100.0	6.369999999999999e-71	uncultured bacterium	77133	NaN;NaN;NaN;NaN;NaN;uncultured bacterium
>ERR2032676.6389 10317.000046444_6388 length=150 number of reps 314	ERR2032676.6389	JN612560.1	100.0	6.369999999999999e-71	uncultured bacterium	77133	NaN;NaN;NaN;NaN;NaN;uncultured bacterium
>ERR2032678.386 10317.000046446_385 length=150 number of reps 313	ERR2032678.386	MG559119.1	100.0	6.369999999999999e-71	uncultured bacterium	77133	NaN;NaN;NaN;NaN;NaN;uncultured bacterium
>ERR2032678.17 10317.000046446_16 length=150 number of reps 311	ERR2032678.17	MH291839.1	100.0	6.369999999999999e-71	uncultured bacterium	77133	NaN;NaN;NaN;NaN;NaN;uncultured bacterium
>ERR1842459.579 10317.000051244_578 length=150 number of reps 311	ERR1842459.579	MH468371.1	100.0	6.369999999999999e-71	uncultured bacterium	77133	NaN;NaN;NaN;NaN;NaN;uncultured bacterium
>ERR2032678.589 10317.000046446_588 length=150 number of reps 305	ERR2032678.589	MK274923.1	100.0	6.369999999999999e-71	uncultured bacterium	77133	NaN;NaN;NaN;NaN;NaN;uncultured bacterium
>ERR2032678.2746 10317.000046446_2745 length=150 number of reps 302	ERR2032678.2746	LR642055.1	100.0	6.369999999999999e-71	uncultured bacterium	77133	NaN;NaN;NaN;NaN;NaN;uncultured bacterium
>ERR4019242.7 10317.000102894_6 length=151 number of reps 301	ERR4019242.7	KF110105.1	100.0	1.7899999999999994e-71	uncultured bacterium	77133	NaN;NaN;NaN;NaN;NaN;uncultured bacterium
>ERR2032678.2307 10317.000046446_2306 length=150 number of reps 299	ERR2032678.2307	KT927034.1	100.0	6.369999999999999e-71	uncultured bacterium	77133	NaN;NaN;NaN;NaN;NaN;uncultured bacterium
>ERR2405043.24 10317.000076643_23 length=151 number of reps 297	ERR2405043.24	CP040902.1	100.0	1.7899999999999994e-71	Longibaculum sp. KGMB06250	2584943	Firmicutes;Erysipelotrichia;Erysipelotrichales;Erysipelotrichaceae;Longibaculum;Longibaculum sp. KGMB06250
>ERR2696578.345 10317.000092706_344 length=151 number of reps 294	ERR2696578.345	MT071379.1	100.0	6.429999999999998e-71	Serratia fonticola	47917	Proteobacteria;Gammaproteobacteria;Enterobacterales;Yersiniaceae;Serratia;Serratia fonticola
>ERR2032678.2008 10317.000046446_2007 length=150 number of reps 291	ERR2032678.2008	MN474461.1	100.0	6.369999999999999e-71	uncultured bacterium	77133	NaN;NaN;NaN;NaN;NaN;uncultured bacterium
>ERR2318004.18103 10317.000037493_18102 length=151 number of reps 290	ERR2318004.18103	LC267752.1	100.0	1.7899999999999994e-71	uncultured bacterium	77133	NaN;NaN;NaN;NaN;NaN;uncultured bacterium
>ERR4019242.700 10317.000102894_699 length=151 number of reps 289	ERR4019242.700	JQ185275.1	100.0	1.7899999999999994e-71	uncultured bacterium	77133	NaN;NaN;NaN;NaN;NaN;uncultured bacterium
>ERR2032678.1578 10317.000046446_1577 length=150 number of reps 286	ERR2032678.1578	MH291865.1	100.0	6.369999999999999e-71	uncultured bacterium	77133	NaN;NaN;NaN;NaN;NaN;uncultured bacterium
>ERR4019242.8984 10317.000102894_8983 length=151 number of reps 285	ERR4019242.8984	MT491082.1	100.0	1.7899999999999994e-71	Bifidobacterium longum	216816	Actinobacteria;Actinobacteria;Bifidobacteriales;Bifidobacteriaceae;Bifidobacterium;Bifidobacterium longum
>ERR4019242.3568 10317.000102894_3567 length=151 number of reps 285	ERR4019242.3568	MT516170.1	99.338	8.309999999999998e-70	Escherichia fergusonii	564	Proteobacteria;Gammaproteobacteria;Enterobacterales;Enterobacteriaceae;Escherichia;Escherichia fergusonii
>ERR2696578.141 10317.000092706_140 length=151 number of reps 282	ERR2696578.141	MG546524.1	98.01299999999999	1.3899999999999997e-67	Hafnia alvei	569	Proteobacteria;Gammaproteobacteria;Enterobacterales;Hafniaceae;Hafnia;Hafnia alvei
>ERR2032678.6448 10317.000046446_6447 length=150 number of reps 280	ERR2032678.6448	EF709162.1	100.0	6.369999999999999e-71	uncultured Bacteroidales bacterium	194843	Bacteroidetes;Bacteroidia;Bacteroidales;NaN;NaN;uncultured Bacteroidales bacterium
>ERR2032678.708 10317.000046446_707 length=150 number of reps 278	ERR2032678.708	MN211869.1	100.0	6.369999999999999e-71	uncultured bacterium	77133	NaN;NaN;NaN;NaN;NaN;uncultured bacterium
>ERR2032678.4476 10317.000046446_4475 length=150 number of reps 278	ERR2032678.4476	MN212313.1	100.0	6.369999999999999e-71	uncultured bacterium	77133	NaN;NaN;NaN;NaN;NaN;uncultured bacterium
>ERR2032678.1678 10317.000046446_1677 length=150 number of reps 274	ERR2032678.1678	MH467921.1	100.0	6.369999999999999e-71	uncultured bacterium	77133	NaN;NaN;NaN;NaN;NaN;uncultured bacterium
>ERR2697007.132 10317.000093401_131 length=151 number of reps 271	ERR2697007.132	FJ880684.1	100.0	1.7899999999999994e-71	uncultured bacterium	77133	NaN;NaN;NaN;NaN;NaN;uncultured bacterium
>ERR2032678.1336 10317.000046446_1335 length=150 number of reps 269	ERR2032678.1336	LR640969.1	100.0	6.369999999999999e-71	uncultured bacterium	77133	NaN;NaN;NaN;NaN;NaN;uncultured bacterium
>ERR2032678.9091 10317.000046446_9090 length=150 number of reps 267	ERR2032678.9091	GU106357.1	100.0	6.369999999999999e-71	uncultured bacterium	77133	NaN;NaN;NaN;NaN;NaN;uncultured bacterium
>ERR2405043.72 10317.000076643_71 length=151 number of reps 263	ERR2405043.72	MN474435.1	100.0	1.7899999999999994e-71	uncultured bacterium	77133	NaN;NaN;NaN;NaN;NaN;uncultured bacterium
>ERR1233446.1390 10317.000040351_1389 length=150 number of reps 263	ERR1233446.1390	MN212192.1	100.0	6.369999999999999e-71	uncultured bacterium	77133	NaN;NaN;NaN;NaN;NaN;uncultured bacterium
>ERR1841787.7 10317.000051573_6 length=150 number of reps 262	ERR1841787.7	KC302919.1	100.0	6.369999999999999e-71	uncultured bacterium	77133	NaN;NaN;NaN;NaN;NaN;uncultured bacterium
>ERR2032678.5807 10317.000046446_5806 length=150 number of reps 257	ERR2032678.5807	JX850579.1	100.0	6.369999999999999e-71	uncultured bacterium	77133	NaN;NaN;NaN;NaN;NaN;uncultured bacterium
>ERR2032678.1144 10317.000046446_1143 length=150 number of reps 256	ERR2032678.1144	KY672049.1	100.0	6.369999999999999e-71	uncultured bacterium	77133	NaN;NaN;NaN;NaN;NaN;uncultured bacterium
>ERR4019242.1341 10317.000102894_1340 length=151 number of reps 254	ERR4019242.1341	MT464394.1	100.0	6.429999999999998e-71	Bacteroides dorei	357276	Bacteroidetes;Bacteroidia;Bacteroidales;Bacteroidaceae;Bacteroides;Bacteroides dorei
>ERR2032678.29619 10317.000046446_29618 length=150 number of reps 252	ERR2032678.29619	KX970805.1	100.0	6.369999999999999e-71	uncultured bacterium	77133	NaN;NaN;NaN;NaN;NaN;uncultured bacterium
>ERR2032678.133 10317.000046446_132 length=150 number of reps 251	ERR2032678.133	MG702800.1	100.0	6.369999999999999e-71	uncultured Lachnospiraceae bacterium	297314	Firmicutes;Clostridia;Clostridiales;Lachnospiraceae;NaN;uncultured Lachnospiraceae bacterium
>ERR2032678.49 10317.000046446_48 length=150 number of reps 245	ERR2032678.49	MK274833.1	100.0	6.369999999999999e-71	uncultured bacterium	77133	NaN;NaN;NaN;NaN;NaN;uncultured bacterium
>ERR2405043.8553 10317.000076643_8552 length=151 number of reps 244	ERR2405043.8553	MT268988.1	99.338	8.309999999999998e-70	Bacteroides uniformis	820	Bacteroidetes;Bacteroidia;Bacteroidales;Bacteroidaceae;Bacteroides;Bacteroides uniformis
>ERR4019242.6422 10317.000102894_6421 length=151 number of reps 243	ERR4019242.6422	KT341783.1	100.0	1.7899999999999994e-71	uncultured bacterium	77133	NaN;NaN;NaN;NaN;NaN;uncultured bacterium
>ERR2032678.1084 10317.000046446_1083 length=150 number of reps 243	ERR2032678.1084	MN474509.1	100.0	6.369999999999999e-71	uncultured bacterium	77133	NaN;NaN;NaN;NaN;NaN;uncultured bacterium
>ERR1233446.2001 10317.000040351_2000 length=150 number of reps 243	ERR1233446.2001	LC267337.1	99.333	2.96e-69	uncultured bacterium	77133	NaN;NaN;NaN;NaN;NaN;uncultured bacterium
>ERR2032678.13862 10317.000046446_13861 length=150 number of reps 242	ERR2032678.13862	MN212518.1	100.0	6.369999999999999e-71	uncultured bacterium	77133	NaN;NaN;NaN;NaN;NaN;uncultured bacterium
>ERR2032678.443 10317.000046446_442 length=150 number of reps 240	ERR2032678.443	MT516164.1	100.0	6.369999999999999e-71	Streptococcus salivarius	1304	Firmicutes;Bacilli;Lactobacillales;Streptococcaceae;Streptococcus;Streptococcus salivarius
>ERR4019242.68 10317.000102894_67 length=151 number of reps 237	ERR4019242.68	MK728230.1	100.0	1.7899999999999994e-71	uncultured bacterium	77133	NaN;NaN;NaN;NaN;NaN;uncultured bacterium
>ERR2032678.4183 10317.000046446_4182 length=150 number of reps 236	ERR2032678.4183	MN841017.1	99.333	8.24e-70	Escherichia coli	562	Proteobacteria;Gammaproteobacteria;Enterobacterales;Enterobacteriaceae;Escherichia;Escherichia coli
>ERR1841787.5620 10317.000051573_5619 length=150 number of reps 236	ERR1841787.5620	MH222252.1	100.0	6.369999999999999e-71	uncultured bacterium	77133	NaN;NaN;NaN;NaN;NaN;uncultured bacterium
>ERR2697007.243 10317.000093401_242 length=151 number of reps 234	ERR2697007.243	KJ197736.1	100.0	1.7899999999999994e-71	uncultured bacterium	77133	NaN;NaN;NaN;NaN;NaN;uncultured bacterium
>ERR2032678.7718 10317.000046446_7717 length=150 number of reps 234	ERR2032678.7718	FP076187.1	100.0	6.369999999999999e-71	uncultured bacterium	77133	NaN;NaN;NaN;NaN;NaN;uncultured bacterium
>ERR1233446.2030 10317.000040351_2029 length=150 number of reps 234	ERR1233446.2030	FJ509565.1	100.0	6.369999999999999e-71	uncultured bacterium	77133	NaN;NaN;NaN;NaN;NaN;uncultured bacterium
>ERR2303942.1223 10317.000068682_1222 length=151 number of reps 233	ERR2303942.1223	LR639479.1	98.01299999999999	1.7999999999999995e-66	uncultured bacterium	77133	NaN;NaN;NaN;NaN;NaN;uncultured bacterium
>ERR2032678.464 10317.000046446_463 length=150 number of reps 233	ERR2032678.464	JN611629.1	100.0	6.369999999999999e-71	uncultured bacterium	77133	NaN;NaN;NaN;NaN;NaN;uncultured bacterium
>ERR2032666.155 10317.000046434_154 length=150 number of reps 233	ERR2032666.155	KU223607.1	100.0	6.369999999999999e-71	uncultured bacterium	77133	NaN;NaN;NaN;NaN;NaN;uncultured bacterium
>ERR2405043.8 10317.000076643_7 length=151 number of reps 232	ERR2405043.8	LR641029.1	100.0	1.7899999999999994e-71	uncultured bacterium	77133	NaN;NaN;NaN;NaN;NaN;uncultured bacterium
>ERR2032678.140 10317.000046446_139 length=150 number of reps 232	ERR2032678.140	MT445128.1	100.0	6.369999999999999e-71	uncultured bacterium	77133	NaN;NaN;NaN;NaN;NaN;uncultured bacterium
>ERR2032678.4244 10317.000046446_4243 length=150 number of reps 231	ERR2032678.4244	HQ792233.1	100.0	6.369999999999999e-71	uncultured organism	155900	NaN;NaN;NaN;NaN;NaN;uncultured organism
>ERR2696578.183 10317.000092706_182 length=151 number of reps 230	ERR2696578.183	MN965695.1	99.338	8.309999999999998e-70	Hafnia sp.	1873498	Proteobacteria;Gammaproteobacteria;Enterobacterales;Hafniaceae;Hafnia;Hafnia sp.
>ERR2306239.171 10317.000074849_170 length=151 number of reps 229	ERR2306239.171	MT515977.1	100.0	6.429999999999998e-71	Bacteroides vulgatus	821	Bacteroidetes;Bacteroidia;Bacteroidales;Bacteroidaceae;Bacteroides;Bacteroides vulgatus
>ERR2405043.13 10317.000076643_12 length=151 number of reps 228	ERR2405043.13	KY671594.1	100.0	1.7899999999999994e-71	uncultured bacterium	77133	NaN;NaN;NaN;NaN;NaN;uncultured bacterium
>ERR2697007.763 10317.000093401_762 length=151 number of reps 227	ERR2697007.763	MN212533.1	100.0	1.7899999999999994e-71	uncultured bacterium	77133	NaN;NaN;NaN;NaN;NaN;uncultured bacterium
>ERR2032678.191 10317.000046446_190 length=150 number of reps 227	ERR2032678.191	KY049721.1	100.0	6.369999999999999e-71	uncultured bacterium	77133	NaN;NaN;NaN;NaN;NaN;uncultured bacterium
>ERR2306239.597 10317.000074849_596 length=151 number of reps 226	ERR2306239.597	MT416449.1	99.338	8.309999999999998e-70	Escherichia coli	562	Proteobacteria;Gammaproteobacteria;Enterobacterales;Enterobacteriaceae;Escherichia;Escherichia coli
>ERR2032678.4780 10317.000046446_4779 length=150 number of reps 226	ERR2032678.4780	KX593434.1	100.0	6.369999999999999e-71	uncultured bacterium	77133	NaN;NaN;NaN;NaN;NaN;uncultured bacterium
>ERR2032678.3579 10317.000046446_3578 length=150 number of reps 225	ERR2032678.3579	KX653068.1	100.0	6.369999999999999e-71	uncultured bacterium	77133	NaN;NaN;NaN;NaN;NaN;uncultured bacterium
>ERR4019242.2425 10317.000102894_2424 length=151 number of reps 223	ERR4019242.2425	CP036542.1	100.0	1.7899999999999994e-71	Bacteroides fragilis	817	Bacteroidetes;Bacteroidia;Bacteroidales;Bacteroidaceae;Bacteroides;Bacteroides fragilis
>ERR2303942.1193 10317.000068682_1192 length=151 number of reps 223	ERR2303942.1193	MN474537.1	100.0	1.7899999999999994e-71	uncultured bacterium	77133	NaN;NaN;NaN;NaN;NaN;uncultured bacterium
>ERR1233446.2511 10317.000040351_2510 length=150 number of reps 220	ERR1233446.2511	KX974043.1	99.333	2.96e-69	uncultured bacterium	77133	NaN;NaN;NaN;NaN;NaN;uncultured bacterium
>ERR2032678.430 10317.000046446_429 length=150 number of reps 216	ERR2032678.430	FJ507621.1	100.0	6.369999999999999e-71	uncultured bacterium	77133	NaN;NaN;NaN;NaN;NaN;uncultured bacterium
>ERR2405043.46 10317.000076643_45 length=151 number of reps 214	ERR2405043.46	MH761663.1	100.0	1.7899999999999994e-71	uncultured bacterium	77133	NaN;NaN;NaN;NaN;NaN;uncultured bacterium
>ERR2032678.18968 10317.000046446_18967 length=150 number of reps 212	ERR2032678.18968	MG240816.1	100.0	6.369999999999999e-71	uncultured bacterium	77133	NaN;NaN;NaN;NaN;NaN;uncultured bacterium
>ERR2405043.484 10317.000076643_483 length=151 number of reps 211	ERR2405043.484	LR027880.1	100.0	1.7899999999999994e-71	Roseburia intestinalis L1-82	536231	Firmicutes;Clostridia;Clostridiales;Lachnospiraceae;Roseburia;Roseburia intestinalis
>ERR2405043.324 10317.000076643_323 length=151 number of reps 211	ERR2405043.324	MH291422.1	100.0	1.7899999999999994e-71	uncultured bacterium	77133	NaN;NaN;NaN;NaN;NaN;uncultured bacterium
>ERR1842469.25 10317.000051560_24 length=150 number of reps 209	ERR1842469.25	MN474379.1	99.333	2.96e-69	uncultured bacterium	77133	NaN;NaN;NaN;NaN;NaN;uncultured bacterium
>ERR2032678.232 10317.000046446_231 length=150 number of reps 206	ERR2032678.232	CP027002.1	100.0	6.369999999999999e-71	[Ruminococcus] gnavus ATCC 29149	411470	Firmicutes;Clostridia;Clostridiales;Lachnospiraceae;Blautia;[Ruminococcus] gnavus
>ERR2032677.11547 10317.000046445_11546 length=150 number of reps 206	ERR2032677.11547	KY285646.1	100.0	6.369999999999999e-71	uncultured bacterium	77133	NaN;NaN;NaN;NaN;NaN;uncultured bacterium
>ERR1233446.1752 10317.000040351_1751 length=150 number of reps 206	ERR1233446.1752	FJ509565.1	99.333	2.96e-69	uncultured bacterium	77133	NaN;NaN;NaN;NaN;NaN;uncultured bacterium
>ERR2405043.61 10317.000076643_60 length=151 number of reps 205	ERR2405043.61	MK577312.1	100.0	1.7899999999999994e-71	Akkermansia muciniphila	239935	Verrucomicrobia;Verrucomicrobiae;Verrucomicrobiales;Akkermansiaceae;Akkermansia;Akkermansia muciniphila
>ERR2032678.5336 10317.000046446_5335 length=150 number of reps 205	ERR2032678.5336	MF895335.1	96.0	6.459999999999998e-61	uncultured bacterium	77133	NaN;NaN;NaN;NaN;NaN;uncultured bacterium
>ERR4019242.874 10317.000102894_873 length=151 number of reps 202	ERR4019242.874	MT416449.1	99.338	8.309999999999998e-70	Escherichia coli	562	Proteobacteria;Gammaproteobacteria;Enterobacterales;Enterobacteriaceae;Escherichia;Escherichia coli
>ERR2032678.1862 10317.000046446_1861 length=150 number of reps 202	ERR2032678.1862	KU152706.1	100.0	6.369999999999999e-71	uncultured bacterium	77133	NaN;NaN;NaN;NaN;NaN;uncultured bacterium
>ERR1233446.823 10317.000040351_822 length=150 number of reps 202	ERR1233446.823	FJ366832.1	100.0	6.369999999999999e-71	uncultured bacterium	77133	NaN;NaN;NaN;NaN;NaN;uncultured bacterium
>ERR2032678.19109 10317.000046446_19108 length=150 number of reps 201	ERR2032678.19109	MF267049.1	100.0	6.369999999999999e-71	uncultured bacterium	77133	NaN;NaN;NaN;NaN;NaN;uncultured bacterium
>ERR2057011.105 10317.000065565_104 length=150 number of reps 199	ERR2057011.105	MF081592.1	100.0	6.369999999999999e-71	uncultured bacterium	77133	NaN;NaN;NaN;NaN;NaN;uncultured bacterium
>ERR1841787.8 10317.000051573_7 length=150 number of reps 197	ERR1841787.8	CP020509.1	100.0	6.369999999999999e-71	Escherichia coli	562	Proteobacteria;Gammaproteobacteria;Enterobacterales;Enterobacteriaceae;Escherichia;Escherichia coli
>ERR4019242.2866 10317.000102894_2865 length=151 number of reps 194	ERR4019242.2866	HQ758999.1	100.0	1.7899999999999994e-71	uncultured organism	155900	NaN;NaN;NaN;NaN;NaN;uncultured organism
>ERR4019242.1387 10317.000102894_1386 length=151 number of reps 194	ERR4019242.1387	CP051692.1	100.0	2.3099999999999995e-70	Escherichia coli	562	Proteobacteria;Gammaproteobacteria;Enterobacterales;Enterobacteriaceae;Escherichia;Escherichia coli
>ERR2032678.2180 10317.000046446_2179 length=150 number of reps 194	ERR2032678.2180	MN212496.1	100.0	6.369999999999999e-71	uncultured bacterium	77133	NaN;NaN;NaN;NaN;NaN;uncultured bacterium
>ERR1233446.965 10317.000040351_964 length=150 number of reps 193	ERR1233446.965	MN474594.1	100.0	6.369999999999999e-71	uncultured bacterium	77133	NaN;NaN;NaN;NaN;NaN;uncultured bacterium
>ERR2697007.628 10317.000093401_627 length=151 number of reps 192	ERR2697007.628	MN157183.1	100.0	1.7899999999999994e-71	uncultured bacterium	77133	NaN;NaN;NaN;NaN;NaN;uncultured bacterium
>ERR2306239.9282 10317.000074849_9281 length=151 number of reps 192	ERR2306239.9282	MH467622.1	100.0	1.7899999999999994e-71	uncultured bacterium	77133	NaN;NaN;NaN;NaN;NaN;uncultured bacterium
>ERR2032678.873 10317.000046446_872 length=150 number of reps 192	ERR2032678.873	KY285704.1	100.0	6.369999999999999e-71	uncultured bacterium	77133	NaN;NaN;NaN;NaN;NaN;uncultured bacterium
>ERR2032678.10406 10317.000046446_10405 length=150 number of reps 192	ERR2032678.10406	KY671780.1	100.0	6.369999999999999e-71	uncultured bacterium	77133	NaN;NaN;NaN;NaN;NaN;uncultured bacterium
>ERR2405043.1297 10317.000076643_1296 length=151 number of reps 191	ERR2405043.1297	MF365015.1	100.0	1.7899999999999994e-71	uncultured bacterium	77133	NaN;NaN;NaN;NaN;NaN;uncultured bacterium
>ERR2697007.86 10317.000093401_85 length=151 number of reps 190	ERR2697007.86	MH291417.1	100.0	1.7899999999999994e-71	uncultured bacterium	77133	NaN;NaN;NaN;NaN;NaN;uncultured bacterium
>ERR2032678.520 10317.000046446_519 length=150 number of reps 190	ERR2032678.520	MN474417.1	100.0	6.369999999999999e-71	uncultured bacterium	77133	NaN;NaN;NaN;NaN;NaN;uncultured bacterium
>ERR2306239.18287 10317.000074849_18286 length=151 number of reps 188	ERR2306239.18287	KU153355.1	100.0	1.7899999999999994e-71	uncultured bacterium	77133	NaN;NaN;NaN;NaN;NaN;uncultured bacterium
>ERR2032678.259 10317.000046446_258 length=150 number of reps 188	ERR2032678.259	KP108133.1	100.0	6.369999999999999e-71	uncultured Clostridium sp.	59620	Firmicutes;Clostridia;Clostridiales;Clostridiaceae;Clostridium;uncultured Clostridium sp.
>ERR4019242.507 10317.000102894_506 length=151 number of reps 186	ERR4019242.507	MT416449.1	99.338	8.309999999999998e-70	Escherichia coli	562	Proteobacteria;Gammaproteobacteria;Enterobacterales;Enterobacteriaceae;Escherichia;Escherichia coli
>ERR2032678.123 10317.000046446_122 length=150 number of reps 183	ERR2032678.123	KY672032.1	100.0	6.369999999999999e-71	uncultured bacterium	77133	NaN;NaN;NaN;NaN;NaN;uncultured bacterium
>ERR4019242.428 10317.000102894_427 length=151 number of reps 182	ERR4019242.428	KX632889.1	100.0	1.7899999999999994e-71	uncultured bacterium	77133	NaN;NaN;NaN;NaN;NaN;uncultured bacterium
>ERR4019242.10456 10317.000102894_10455 length=151 number of reps 180	ERR4019242.10456	LR654483.1	100.0	1.7899999999999994e-71	uncultured bacterium	77133	NaN;NaN;NaN;NaN;NaN;uncultured bacterium
>ERR2032678.19 10317.000046446_18 length=150 number of reps 179	ERR2032678.19	MG859037.1	100.0	6.369999999999999e-71	uncultured bacterium	77133	NaN;NaN;NaN;NaN;NaN;uncultured bacterium
>ERR1842459.2924 10317.000051244_2923 length=150 number of reps 179	ERR1842459.2924	KX593306.1	100.0	6.369999999999999e-71	uncultured bacterium	77133	NaN;NaN;NaN;NaN;NaN;uncultured bacterium
>ERR1841787.1989 10317.000051573_1988 length=150 number of reps 179	ERR1841787.1989	LR641791.1	100.0	6.369999999999999e-71	uncultured bacterium	77133	NaN;NaN;NaN;NaN;NaN;uncultured bacterium
>ERR2697007.515 10317.000093401_514 length=151 number of reps 178	ERR2697007.515	MN060506.1	100.0	1.7899999999999994e-71	uncultured bacterium	77133	NaN;NaN;NaN;NaN;NaN;uncultured bacterium
>ERR2306239.786 10317.000074849_785 length=151 number of reps 178	ERR2306239.786	MH569932.1	100.0	1.7899999999999994e-71	uncultured bacterium	77133	NaN;NaN;NaN;NaN;NaN;uncultured bacterium
>ERR4019242.717 10317.000102894_716 length=151 number of reps 177	ERR4019242.717	MT416449.1	99.338	8.309999999999998e-70	Escherichia coli	562	Proteobacteria;Gammaproteobacteria;Enterobacterales;Enterobacteriaceae;Escherichia;Escherichia coli
>ERR2697007.160 10317.000093401_159 length=151 number of reps 177	ERR2697007.160	MN211676.1	100.0	1.7899999999999994e-71	uncultured bacterium	77133	NaN;NaN;NaN;NaN;NaN;uncultured bacterium
>ERR2032678.3446 10317.000046446_3445 length=150 number of reps 177	ERR2032678.3446	JN611239.1	100.0	6.369999999999999e-71	uncultured bacterium	77133	NaN;NaN;NaN;NaN;NaN;uncultured bacterium
>ERR2032678.21594 10317.000046446_21593 length=150 number of reps 177	ERR2032678.21594	MN212243.1	100.0	6.369999999999999e-71	uncultured bacterium	77133	NaN;NaN;NaN;NaN;NaN;uncultured bacterium
>ERR1842459.4052 10317.000051244_4051 length=150 number of reps 177	ERR1842459.4052	MH569994.1	100.0	6.369999999999999e-71	uncultured bacterium	77133	NaN;NaN;NaN;NaN;NaN;uncultured bacterium
>ERR2306239.14416 10317.000074849_14415 length=151 number of reps 176	ERR2306239.14416	KT925147.1	100.0	1.7899999999999994e-71	uncultured bacterium	77133	NaN;NaN;NaN;NaN;NaN;uncultured bacterium
>ERR1233446.90 10317.000040351_89 length=150 number of reps 175	ERR1233446.90	KT927002.1	98.667	1.3799999999999999e-67	uncultured bacterium	77133	NaN;NaN;NaN;NaN;NaN;uncultured bacterium
>ERR4019242.5737 10317.000102894_5736 length=151 number of reps 174	ERR4019242.5737	MT416449.1	99.338	8.309999999999998e-70	Escherichia coli	562	Proteobacteria;Gammaproteobacteria;Enterobacterales;Enterobacteriaceae;Escherichia;Escherichia coli
>ERR1233446.1662 10317.000040351_1661 length=150 number of reps 174	ERR1233446.1662	HM805661.1	99.32	1.3799999999999999e-67	uncultured bacterium	77133	NaN;NaN;NaN;NaN;NaN;uncultured bacterium
>ERR2405043.612 10317.000076643_611 length=151 number of reps 173	ERR2405043.612	MH468371.1	100.0	1.7899999999999994e-71	uncultured bacterium	77133	NaN;NaN;NaN;NaN;NaN;uncultured bacterium
>ERR2405043.2206 10317.000076643_2205 length=151 number of reps 173	ERR2405043.2206	MG857966.1	100.0	1.7899999999999994e-71	uncultured bacterium	77133	NaN;NaN;NaN;NaN;NaN;uncultured bacterium
>ERR4019242.1881 10317.000102894_1880 length=151 number of reps 171	ERR4019242.1881	MT445110.1	100.0	1.7899999999999994e-71	uncultured bacterium	77133	NaN;NaN;NaN;NaN;NaN;uncultured bacterium
>ERR2697007.187 10317.000093401_186 length=151 number of reps 170	ERR2697007.187	MH226351.1	100.0	1.7899999999999994e-71	uncultured bacterium	77133	NaN;NaN;NaN;NaN;NaN;uncultured bacterium
>ERR1233446.1121 10317.000040351_1120 length=150 number of reps 170	ERR1233446.1121	MG270316.1	100.0	6.369999999999999e-71	uncultured bacterium	77133	NaN;NaN;NaN;NaN;NaN;uncultured bacterium
>ERR4019242.989 10317.000102894_988 length=151 number of reps 168	ERR4019242.989	MN212164.1	100.0	1.7899999999999994e-71	uncultured bacterium	77133	NaN;NaN;NaN;NaN;NaN;uncultured bacterium
>ERR2032678.949 10317.000046446_948 length=150 number of reps 168	ERR2032678.949	GU107019.1	100.0	6.369999999999999e-71	uncultured bacterium	77133	NaN;NaN;NaN;NaN;NaN;uncultured bacterium
>ERR2032678.210 10317.000046446_209 length=150 number of reps 168	ERR2032678.210	MK274681.1	100.0	6.369999999999999e-71	uncultured bacterium	77133	NaN;NaN;NaN;NaN;NaN;uncultured bacterium
>ERR4019242.2897 10317.000102894_2896 length=151 number of reps 166	ERR4019242.2897	LC267303.1	100.0	1.7899999999999994e-71	uncultured bacterium	77133	NaN;NaN;NaN;NaN;NaN;uncultured bacterium
>ERR2032678.5907 10317.000046446_5906 length=150 number of reps 166	ERR2032678.5907	KY932791.1	100.0	6.369999999999999e-71	uncultured organism	155900	NaN;NaN;NaN;NaN;NaN;uncultured organism
>ERR4019242.164 10317.000102894_163 length=151 number of reps 165	ERR4019242.164	KF095632.1	100.0	1.7899999999999994e-71	uncultured bacterium	77133	NaN;NaN;NaN;NaN;NaN;uncultured bacterium
>ERR2032677.29145 10317.000046445_29144 length=150 number of reps 165	ERR2032677.29145	KF842651.1	100.0	6.369999999999999e-71	uncultured bacterium	77133	NaN;NaN;NaN;NaN;NaN;uncultured bacterium
>ERR2697007.87 10317.000093401_86 length=151 number of reps 164	ERR2697007.87	MH292204.1	100.0	1.7899999999999994e-71	uncultured bacterium	77133	NaN;NaN;NaN;NaN;NaN;uncultured bacterium
>ERR2032666.4318 10317.000046434_4317 length=150 number of reps 164	ERR2032666.4318	MK274834.1	100.0	6.369999999999999e-71	uncultured bacterium	77133	NaN;NaN;NaN;NaN;NaN;uncultured bacterium
>ERR2697007.95 10317.000093401_94 length=151 number of reps 161	ERR2697007.95	MH291609.1	100.0	1.7899999999999994e-71	uncultured bacterium	77133	NaN;NaN;NaN;NaN;NaN;uncultured bacterium
>ERR2032678.1956 10317.000046446_1955 length=150 number of reps 161	ERR2032678.1956	LC515631.1	100.0	6.369999999999999e-71	Eisenbergiella tayi	1432052	Firmicutes;Clostridia;Clostridiales;Lachnospiraceae;Eisenbergiella;Eisenbergiella tayi
>ERR2697007.184 10317.000093401_183 length=151 number of reps 160	ERR2697007.184	MN474385.1	100.0	1.7899999999999994e-71	uncultured bacterium	77133	NaN;NaN;NaN;NaN;NaN;uncultured bacterium
>ERR2696578.27 10317.000092706_26 length=151 number of reps 160	ERR2696578.27	MN965695.1	99.338	8.309999999999998e-70	Hafnia sp.	1873498	Proteobacteria;Gammaproteobacteria;Enterobacterales;Hafniaceae;Hafnia;Hafnia sp.
>ERR2405043.891 10317.000076643_890 length=151 number of reps 160	ERR2405043.891	CP040518.1	100.0	1.7899999999999994e-71	Blautia sp. SC05B48	2479767	Firmicutes;Clostridia;Clostridiales;Lachnospiraceae;Blautia;Blautia sp. SC05B48
>ERR2318004.26947 10317.000037493_26946 length=151 number of reps 160	ERR2318004.26947	KC465215.1	97.945	1.08e-63	uncultured bacterium	77133	NaN;NaN;NaN;NaN;NaN;uncultured bacterium
>ERR2032678.6619 10317.000046446_6618 length=150 number of reps 160	ERR2032678.6619	KF232488.1	100.0	6.369999999999999e-71	uncultured bacterium	77133	NaN;NaN;NaN;NaN;NaN;uncultured bacterium
>ERR4019242.10860 10317.000102894_10859 length=151 number of reps 158	ERR4019242.10860	MG607371.1	99.338	2.3099999999999995e-70	Escherichia coli	562	Proteobacteria;Gammaproteobacteria;Enterobacterales;Enterobacteriaceae;Escherichia;Escherichia coli
>ERR1842459.11101 10317.000051244_11100 length=150 number of reps 158	ERR1842459.11101	GU106182.1	100.0	6.369999999999999e-71	uncultured bacterium	77133	NaN;NaN;NaN;NaN;NaN;uncultured bacterium
>ERR2032678.2223 10317.000046446_2222 length=150 number of reps 157	ERR2032678.2223	MT268988.1	100.0	2.96e-69	Bacteroides uniformis	820	Bacteroidetes;Bacteroidia;Bacteroidales;Bacteroidaceae;Bacteroides;Bacteroides uniformis
>ERR2032678.1449 10317.000046446_1448 length=150 number of reps 156	ERR2032678.1449	FP084018.1	100.0	6.369999999999999e-71	uncultured bacterium	77133	NaN;NaN;NaN;NaN;NaN;uncultured bacterium
>ERR1233446.285 10317.000040351_284 length=150 number of reps 156	ERR1233446.285	KY260117.1	100.0	6.369999999999999e-71	uncultured bacterium	77133	NaN;NaN;NaN;NaN;NaN;uncultured bacterium
>ERR1842459.520 10317.000051244_519 length=150 number of reps 155	ERR1842459.520	JX850741.1	100.0	6.369999999999999e-71	uncultured bacterium	77133	NaN;NaN;NaN;NaN;NaN;uncultured bacterium
>ERR1841787.117 10317.000051573_116 length=150 number of reps 155	ERR1841787.117	LC268639.1	100.0	6.369999999999999e-71	uncultured bacterium	77133	NaN;NaN;NaN;NaN;NaN;uncultured bacterium
>ERR2318004.278 10317.000037493_277 length=151 number of reps 154	ERR2318004.278	LC487980.1	100.0	1.7899999999999994e-71	Dialister sp. 5BBH33	2582419	Firmicutes;Negativicutes;Veillonellales;Veillonellaceae;Dialister;Dialister hominis
>ERR2306239.315 10317.000074849_314 length=151 number of reps 154	ERR2306239.315	KR080749.1	100.0	1.7899999999999994e-71	Escherichia coli	562	Proteobacteria;Gammaproteobacteria;Enterobacterales;Enterobacteriaceae;Escherichia;Escherichia coli
>ERR1841787.29 10317.000051573_28 length=150 number of reps 154	ERR1841787.29	MF365183.1	100.0	6.369999999999999e-71	uncultured bacterium	77133	NaN;NaN;NaN;NaN;NaN;uncultured bacterium
>ERR2696648.35 10317.000093587_34 length=151 number of reps 152	ERR2696648.35	KU458842.1	97.368	8.37e-65	uncultured bacterium	77133	NaN;NaN;NaN;NaN;NaN;uncultured bacterium
>ERR2696578.120 10317.000092706_119 length=151 number of reps 152	ERR2696578.120	KC210836.1	99.338	8.309999999999998e-70	Hafnia alvei	569	Proteobacteria;Gammaproteobacteria;Enterobacterales;Hafniaceae;Hafnia;Hafnia alvei
>ERR1842292.593 10317.000047140_592 length=150 number of reps 152	ERR1842292.593	KX996786.1	100.0	6.369999999999999e-71	uncultured bacterium	77133	NaN;NaN;NaN;NaN;NaN;uncultured bacterium
>ERR2405043.177 10317.000076643_176 length=151 number of reps 150	ERR2405043.177	MG702711.1	100.0	1.7899999999999994e-71	uncultured Lachnospiraceae bacterium	297314	Firmicutes;Clostridia;Clostridiales;Lachnospiraceae;NaN;uncultured Lachnospiraceae bacterium
>ERR1845970.237 10317.000042649_236 length=150 number of reps 150	ERR1845970.237	MG546524.1	98.0	4.959999999999999e-67	Hafnia alvei	569	Proteobacteria;Gammaproteobacteria;Enterobacterales;Hafniaceae;Hafnia;Hafnia alvei
>ERR1233446.2551 10317.000040351_2550 length=150 number of reps 150	ERR1233446.2551	KY671745.1	100.0	6.369999999999999e-71	uncultured bacterium	77133	NaN;NaN;NaN;NaN;NaN;uncultured bacterium
>ERR2057011.264 10317.000065565_263 length=150 number of reps 149	ERR2057011.264	HQ786825.1	100.0	6.369999999999999e-71	uncultured organism	155900	NaN;NaN;NaN;NaN;NaN;uncultured organism
>ERR2696578.531 10317.000092706_530 length=151 number of reps 148	ERR2696578.531	MN965695.1	99.338	8.309999999999998e-70	Hafnia sp.	1873498	Proteobacteria;Gammaproteobacteria;Enterobacterales;Hafniaceae;Hafnia;Hafnia sp.
>ERR2032678.5630 10317.000046446_5629 length=150 number of reps 148	ERR2032678.5630	KX636039.1	100.0	6.369999999999999e-71	uncultured bacterium	77133	NaN;NaN;NaN;NaN;NaN;uncultured bacterium
>ERR2032678.338 10317.000046446_337 length=150 number of reps 148	ERR2032678.338	KY285519.1	100.0	6.369999999999999e-71	uncultured bacterium	77133	NaN;NaN;NaN;NaN;NaN;uncultured bacterium
>ERR2032678.12033 10317.000046446_12032 length=150 number of reps 147	ERR2032678.12033	MN474973.1	100.0	6.369999999999999e-71	uncultured bacterium	77133	NaN;NaN;NaN;NaN;NaN;uncultured bacterium
>ERR4019242.3257 10317.000102894_3256 length=151 number of reps 146	ERR4019242.3257	KF095514.1	100.0	1.7899999999999994e-71	uncultured bacterium	77133	NaN;NaN;NaN;NaN;NaN;uncultured bacterium
>ERR4019242.215 10317.000102894_214 length=151 number of reps 146	ERR4019242.215	KC805148.1	100.0	1.7899999999999994e-71	uncultured bacterium	77133	NaN;NaN;NaN;NaN;NaN;uncultured bacterium
>ERR2696578.85 10317.000092706_84 length=151 number of reps 146	ERR2696578.85	MN965695.1	99.338	8.309999999999998e-70	Hafnia sp.	1873498	Proteobacteria;Gammaproteobacteria;Enterobacterales;Hafniaceae;Hafnia;Hafnia sp.
>ERR2032678.28024 10317.000046446_28023 length=150 number of reps 146	ERR2032678.28024	DQ794919.1	100.0	6.369999999999999e-71	uncultured bacterium	77133	NaN;NaN;NaN;NaN;NaN;uncultured bacterium
>ERR4019242.19209 10317.000102894_19208 length=150 number of reps 145	ERR4019242.19209	MN269965.1	100.0	6.369999999999999e-71	Porphyromonas asaccharolytica	28123	Bacteroidetes;Bacteroidia;Bacteroidales;Porphyromonadaceae;Porphyromonas;Porphyromonas asaccharolytica
>ERR2697007.72 10317.000093401_71 length=151 number of reps 144	ERR2697007.72	MT114689.1	100.0	1.7899999999999994e-71	Lactobacillus murinus	1622	Firmicutes;Bacilli;Lactobacillales;Lactobacillaceae;Lactobacillus;Lactobacillus murinus
>ERR2318004.325 10317.000037493_324 length=151 number of reps 144	ERR2318004.325	KX355707.1	100.0	1.7899999999999994e-71	Enterobacter cloacae	550	Proteobacteria;Gammaproteobacteria;Enterobacterales;Enterobacteriaceae;Enterobacter;Enterobacter cloacae
>ERR2303942.1020 10317.000068682_1019 length=149 number of reps 144	ERR2303942.1020	MH292012.1	100.0	2.2699999999999994e-70	uncultured bacterium	77133	NaN;NaN;NaN;NaN;NaN;uncultured bacterium
>ERR2303942.1 10317.000068682_0 length=151 number of reps 144	ERR2303942.1	LC528171.1	99.338	8.309999999999998e-70	Akkermansia muciniphila	239935	Verrucomicrobia;Verrucomicrobiae;Verrucomicrobiales;Akkermansiaceae;Akkermansia;Akkermansia muciniphila
>ERR2032678.16221 10317.000046446_16220 length=150 number of reps 144	ERR2032678.16221	CP036491.1	98.667	1.3799999999999999e-67	Bacteroides sp. A1C1	2528203	Bacteroidetes;Bacteroidia;Bacteroidales;Bacteroidaceae;Bacteroides;Bacteroides sp. A1C1
>ERR4019242.685 10317.000102894_684 length=151 number of reps 143	ERR4019242.685	KP527421.1	100.0	6.429999999999998e-71	uncultured bacterium	77133	NaN;NaN;NaN;NaN;NaN;uncultured bacterium
>ERR2032678.298 10317.000046446_297 length=150 number of reps 143	ERR2032678.298	KY878431.1	100.0	6.369999999999999e-71	uncultured bacterium	77133	NaN;NaN;NaN;NaN;NaN;uncultured bacterium
>ERR4019242.2439 10317.000102894_2438 length=151 number of reps 142	ERR4019242.2439	HQ763514.1	100.0	1.7899999999999994e-71	uncultured organism	155900	NaN;NaN;NaN;NaN;NaN;uncultured organism
>ERR2032678.5189 10317.000046446_5188 length=150 number of reps 142	ERR2032678.5189	KU153685.1	100.0	6.369999999999999e-71	uncultured bacterium	77133	NaN;NaN;NaN;NaN;NaN;uncultured bacterium
>ERR2032678.7703 10317.000046446_7702 length=150 number of reps 141	ERR2032678.7703	JX095135.1	100.0	6.369999999999999e-71	uncultured bacterium	77133	NaN;NaN;NaN;NaN;NaN;uncultured bacterium
>ERR1842459.631 10317.000051244_630 length=150 number of reps 141	ERR1842459.631	MN212533.1	100.0	6.369999999999999e-71	uncultured bacterium	77133	NaN;NaN;NaN;NaN;NaN;uncultured bacterium
>ERR1841787.582 10317.000051573_581 length=150 number of reps 141	ERR1841787.582	KF843318.1	100.0	6.369999999999999e-71	uncultured bacterium	77133	NaN;NaN;NaN;NaN;NaN;uncultured bacterium
>ERR4019242.12438 10317.000102894_12437 length=151 number of reps 139	ERR4019242.12438	MT416449.1	99.338	8.309999999999998e-70	Escherichia coli	562	Proteobacteria;Gammaproteobacteria;Enterobacterales;Enterobacteriaceae;Escherichia;Escherichia coli
>ERR2697007.128 10317.000093401_127 length=151 number of reps 139	ERR2697007.128	MN474361.1	100.0	1.7899999999999994e-71	uncultured bacterium	77133	NaN;NaN;NaN;NaN;NaN;uncultured bacterium
>ERR2405043.14 10317.000076643_13 length=151 number of reps 138	ERR2405043.14	LR595746.1	100.0	1.7899999999999994e-71	uncultured bacterium	77133	NaN;NaN;NaN;NaN;NaN;uncultured bacterium
>ERR2306239.331 10317.000074849_330 length=151 number of reps 137	ERR2306239.331	KT924959.1	100.0	1.7899999999999994e-71	uncultured bacterium	77133	NaN;NaN;NaN;NaN;NaN;uncultured bacterium
>ERR2032678.236 10317.000046446_235 length=150 number of reps 137	ERR2032678.236	KP005462.1	99.333	2.96e-69	Faecalibacterium prausnitzii	853	Firmicutes;Clostridia;Clostridiales;Ruminococcaceae;Faecalibacterium;Faecalibacterium prausnitzii
>ERR2032678.1813 10317.000046446_1812 length=150 number of reps 137	ERR2032678.1813	FJ367199.1	100.0	6.369999999999999e-71	uncultured bacterium	77133	NaN;NaN;NaN;NaN;NaN;uncultured bacterium
>ERR2032678.451 10317.000046446_450 length=150 number of reps 136	ERR2032678.451	CP050831.1	99.333	2.96e-69	Bacteroides sp. CBA7301	2715212	NaN;NaN;NaN;NaN;NaN;uncultured bacterium
>ERR4019242.2189 10317.000102894_2188 length=151 number of reps 134	ERR4019242.2189	MT416449.1	99.338	8.309999999999998e-70	Escherichia coli	562	Proteobacteria;Gammaproteobacteria;Enterobacterales;Enterobacteriaceae;Escherichia;Escherichia coli
>ERR2032678.22557 10317.000046446_22556 length=150 number of reps 134	ERR2032678.22557	KC304761.1	100.0	6.369999999999999e-71	uncultured bacterium	77133	NaN;NaN;NaN;NaN;NaN;uncultured bacterium
>ERR2032678.20900 10317.000046446_20899 length=150 number of reps 134	ERR2032678.20900	MN474645.1	100.0	6.369999999999999e-71	uncultured bacterium	77133	NaN;NaN;NaN;NaN;NaN;uncultured bacterium
>ERR2697007.696 10317.000093401_695 length=151 number of reps 132	ERR2697007.696	MT386187.1	100.0	1.7899999999999994e-71	Acinetobacter lwoffii	28090	Proteobacteria;Gammaproteobacteria;Pseudomonadales;Moraxellaceae;Acinetobacter;Acinetobacter lwoffii
>ERR2318004.169 10317.000037493_168 length=151 number of reps 132	ERR2318004.169	MT507233.1	100.0	1.7899999999999994e-71	Bacillus kochii	859143	Firmicutes;Bacilli;Bacillales;Bacillaceae;Bacillus;Bacillus kochii
>ERR2032678.6484 10317.000046446_6483 length=150 number of reps 132	ERR2032678.6484	MH196680.1	100.0	6.369999999999999e-71	uncultured bacterium	77133	NaN;NaN;NaN;NaN;NaN;uncultured bacterium
>ERR2032678.29115 10317.000046446_29114 length=150 number of reps 132	ERR2032678.29115	LR699017.1	99.333	2.96e-69	Faecalibacterium prausnitzii	853	Firmicutes;Clostridia;Clostridiales;Ruminococcaceae;Faecalibacterium;Faecalibacterium prausnitzii
>ERR2032666.1215 10317.000046434_1214 length=150 number of reps 132	ERR2032666.1215	LT674860.1	100.0	6.369999999999999e-71	uncultured Tissierellaceae bacterium	1841660	Firmicutes;Tissierellia;Tissierellales;Tissierellaceae;NaN;uncultured Tissierellaceae bacterium
>ERR2032678.2650 10317.000046446_2649 length=150 number of reps 131	ERR2032678.2650	KF865992.1	100.0	6.369999999999999e-71	uncultured bacterium	77133	NaN;NaN;NaN;NaN;NaN;uncultured bacterium
>ERR2032678.10068 10317.000046446_10067 length=150 number of reps 130	ERR2032678.10068	KU479671.1	100.0	6.369999999999999e-71	uncultured bacterium	77133	NaN;NaN;NaN;NaN;NaN;uncultured bacterium
>ERR1842459.371 10317.000051244_370 length=150 number of reps 130	ERR1842459.371	MN081733.1	99.333	2.96e-69	Bacteroides sartorii	671267	Bacteroidetes;Bacteroidia;Bacteroidales;Bacteroidaceae;Bacteroides;Bacteroides sartorii
>ERR4019242.89 10317.000102894_88 length=151 number of reps 129	ERR4019242.89	KM122946.1	100.0	1.7899999999999994e-71	uncultured bacterium	77133	NaN;NaN;NaN;NaN;NaN;uncultured bacterium
>ERR4019242.9544 10317.000102894_9543 length=151 number of reps 128	ERR4019242.9544	MN841017.1	99.333	8.309999999999998e-70	Escherichia coli	562	Proteobacteria;Gammaproteobacteria;Enterobacterales;Enterobacteriaceae;Escherichia;Escherichia coli
>ERR2032678.584 10317.000046446_583 length=150 number of reps 128	ERR2032678.584	MH228452.1	100.0	6.369999999999999e-71	uncultured bacterium	77133	NaN;NaN;NaN;NaN;NaN;uncultured bacterium
>ERR1233446.763 10317.000040351_762 length=150 number of reps 128	ERR1233446.763	HQ767725.1	100.0	6.369999999999999e-71	uncultured organism	155900	NaN;NaN;NaN;NaN;NaN;uncultured organism
>ERR2032678.2193 10317.000046446_2192 length=150 number of reps 127	ERR2032678.2193	MN474282.1	100.0	6.369999999999999e-71	uncultured bacterium	77133	NaN;NaN;NaN;NaN;NaN;uncultured bacterium
>ERR2032678.4986 10317.000046446_4985 length=150 number of reps 126	ERR2032678.4986	JN612120.1	100.0	6.369999999999999e-71	uncultured bacterium	77133	NaN;NaN;NaN;NaN;NaN;uncultured bacterium
>ERR2032666.15502 10317.000046434_15501 length=150 number of reps 126	ERR2032666.15502	KY672284.1	100.0	6.369999999999999e-71	uncultured bacterium	77133	NaN;NaN;NaN;NaN;NaN;uncultured bacterium
>ERR2032678.12719 10317.000046446_12718 length=150 number of reps 124	ERR2032678.12719	HQ791752.1	100.0	6.369999999999999e-71	uncultured organism	155900	NaN;NaN;NaN;NaN;NaN;uncultured organism
>ERR4019242.7015 10317.000102894_7014 length=151 number of reps 123	ERR4019242.7015	MT491072.1	100.0	1.7899999999999994e-71	Bifidobacterium pseudocatenulatum	28026	Actinobacteria;Actinobacteria;Bifidobacteriales;Bifidobacteriaceae;Bifidobacterium;Bifidobacterium pseudocatenulatum
>ERR2405043.78 10317.000076643_77 length=151 number of reps 123	ERR2405043.78	MH467656.1	100.0	1.7899999999999994e-71	uncultured bacterium	77133	NaN;NaN;NaN;NaN;NaN;uncultured bacterium
>ERR2032678.295 10317.000046446_294 length=150 number of reps 123	ERR2032678.295	KY879215.1	100.0	6.369999999999999e-71	uncultured bacterium	77133	NaN;NaN;NaN;NaN;NaN;uncultured bacterium
>ERR2032678.1981 10317.000046446_1980 length=150 number of reps 123	ERR2032678.1981	MG858282.1	100.0	6.369999999999999e-71	uncultured bacterium	77133	NaN;NaN;NaN;NaN;NaN;uncultured bacterium
>ERR2696578.5 10317.000092706_4 length=151 number of reps 122	ERR2696578.5	MN965695.1	99.333	2.9899999999999995e-69	Hafnia sp.	1873498	Proteobacteria;Gammaproteobacteria;Enterobacterales;Hafniaceae;Hafnia;Hafnia sp.
>ERR4019242.9208 10317.000102894_9207 length=151 number of reps 121	ERR4019242.9208	LC528172.1	100.0	1.7899999999999994e-71	Anaerostipes hadrus	649756	Firmicutes;Clostridia;Clostridiales;Lachnospiraceae;Anaerostipes;Anaerostipes hadrus
>ERR2697007.12467 10317.000093401_12466 length=151 number of reps 121	ERR2697007.12467	MT516160.1	100.0	1.7899999999999994e-71	Enterococcus faecium	1352	Firmicutes;Bacilli;Lactobacillales;Enterococcaceae;Enterococcus;Enterococcus faecium
>ERR2405043.230 10317.000076643_229 length=150 number of reps 121	ERR2405043.230				uncultured bacterium		
>ERR2032678.1572 10317.000046446_1571 length=150 number of reps 121	ERR2032678.1572				uncultured bacterium		
>ERR2032678.1197 10317.000046446_1196 length=150 number of reps 120	ERR2032678.1197				uncultured bacterium		
>ERR1842459.9685 10317.000051244_9684 length=150 number of reps 120	ERR1842459.9685				uncultured bacterium		
>ERR4019242.5214 10317.000102894_5213 length=151 number of reps 118	ERR4019242.5214				uncultured bacterium		
>ERR2057011.63 10317.000065565_62 length=150 number of reps 118	ERR2057011.63				uncultured bacterium		
>ERR2032678.16380 10317.000046446_16379 length=150 number of reps 117	ERR2032678.16380				uncultured bacterium		
>ERR2697007.319 10317.000093401_318 length=151 number of reps 116	ERR2697007.319				uncultured bacterium		
>ERR2032678.668 10317.000046446_667 length=150 number of reps 115	ERR2032678.668				uncultured bacterium		
>ERR4019242.1624 10317.000102894_1623 length=151 number of reps 114	ERR4019242.1624				uncultured bacterium		
>ERR2405043.66 10317.000076643_65 length=151 number of reps 114	ERR2405043.66				uncultured bacterium		
>ERR2032678.11768 10317.000046446_11767 length=150 number of reps 114	ERR2032678.11768				uncultured bacterium		
>ERR1841787.4903 10317.000051573_4902 length=150 number of reps 114	ERR1841787.4903				uncultured bacterium		
>ERR4019242.84 10317.000102894_83 length=151 number of reps 113	ERR4019242.84				uncultured bacterium		
>ERR2032678.8594 10317.000046446_8593 length=150 number of reps 113	ERR2032678.8594				uncultured bacterium		
>ERR1845970.403 10317.000042649_402 length=150 number of reps 113	ERR1845970.403				uncultured bacterium		
>ERR2697007.24667 10317.000093401_24666 length=151 number of reps 112	ERR2697007.24667				uncultured bacterium		
>ERR2405043.2 10317.000076643_1 length=151 number of reps 112	ERR2405043.2				uncultured bacterium		
>ERR1845970.14576 10317.000042649_14575 length=150 number of reps 112	ERR1845970.14576				uncultured bacterium		
>ERR4019242.4278 10317.000102894_4277 length=151 number of reps 111	ERR4019242.4278				uncultured bacterium		
>ERR2032678.32433 10317.000046446_32432 length=150 number of reps 111	ERR2032678.32433				uncultured bacterium		
>ERR2032678.1041 10317.000046446_1040 length=150 number of reps 111	ERR2032678.1041				uncultured bacterium		
>ERR2032678.3562 10317.000046446_3561 length=150 number of reps 110	ERR2032678.3562				uncultured bacterium		
>ERR2032678.20132 10317.000046446_20131 length=150 number of reps 110	ERR2032678.20132				uncultured bacterium		
>ERR2032678.1257 10317.000046446_1256 length=150 number of reps 110	ERR2032678.1257				uncultured bacterium		
>ERR1842459.1924 10317.000051244_1923 length=150 number of reps 109	ERR1842459.1924				uncultured bacterium		
>ERR4019242.9 10317.000102894_8 length=151 number of reps 108	ERR4019242.9				uncultured bacterium		
>ERR4019242.4306 10317.000102894_4305 length=151 number of reps 108	ERR4019242.4306				uncultured bacterium		
>ERR4019242.2857 10317.000102894_2856 length=151 number of reps 108	ERR4019242.2857				uncultured bacterium		
>ERR2696578.162 10317.000092706_161 length=151 number of reps 108	ERR2696578.162				uncultured bacterium		
>ERR2032678.756 10317.000046446_755 length=150 number of reps 108	ERR2032678.756				uncultured bacterium		
>ERR2032678.2847 10317.000046446_2846 length=150 number of reps 108	ERR2032678.2847				uncultured bacterium		
>ERR2032678.16258 10317.000046446_16257 length=150 number of reps 108	ERR2032678.16258				uncultured bacterium		
>ERR2405043.9451 10317.000076643_9450 length=151 number of reps 107	ERR2405043.9451				uncultured bacterium		
>ERR2405043.417 10317.000076643_416 length=151 number of reps 107	ERR2405043.417				uncultured bacterium		
>ERR2306239.772 10317.000074849_771 length=151 number of reps 107	ERR2306239.772				uncultured bacterium		
>ERR1842469.71 10317.000051560_70 length=150 number of reps 107	ERR1842469.71				uncultured bacterium		
>ERR1842459.2160 10317.000051244_2159 length=150 number of reps 107	ERR1842459.2160				uncultured bacterium		
>ERR4019242.1672 10317.000102894_1671 length=151 number of reps 106	ERR4019242.1672				uncultured bacterium		
>ERR2697007.168 10317.000093401_167 length=151 number of reps 106	ERR2697007.168				uncultured bacterium		
>ERR2696578.446 10317.000092706_445 length=151 number of reps 106	ERR2696578.446				uncultured bacterium		
>ERR2405043.12595 10317.000076643_12594 length=151 number of reps 106	ERR2405043.12595				uncultured bacterium		
>ERR4019242.745 10317.000102894_744 length=151 number of reps 105	ERR4019242.745				uncultured bacterium		
>ERR4019242.2344 10317.000102894_2343 length=151 number of reps 105	ERR4019242.2344				uncultured bacterium		
>ERR4019242.125 10317.000102894_124 length=151 number of reps 105	ERR4019242.125				uncultured bacterium		
>ERR2032678.2919 10317.000046446_2918 length=150 number of reps 105	ERR2032678.2919				uncultured bacterium		
>ERR4019242.223 10317.000102894_222 length=151 number of reps 104	ERR4019242.223				uncultured bacterium		
>ERR4019242.142 10317.000102894_141 length=151 number of reps 104	ERR4019242.142				uncultured bacterium		
>ERR1233446.4288 10317.000040351_4287 length=150 number of reps 104	ERR1233446.4288				uncultured bacterium		
>ERR4019242.331 10317.000102894_330 length=151 number of reps 103	ERR4019242.331				uncultured bacterium		
>ERR4019242.1661 10317.000102894_1660 length=151 number of reps 103	ERR4019242.1661				uncultured bacterium		
>ERR2405043.762 10317.000076643_761 length=151 number of reps 103	ERR2405043.762				uncultured bacterium		
>ERR2405043.249 10317.000076643_248 length=151 number of reps 103	ERR2405043.249				uncultured bacterium		
>ERR2405043.3808 10317.000076643_3807 length=151 number of reps 102	ERR2405043.3808				uncultured bacterium		
>ERR2306239.26892 10317.000074849_26891 length=151 number of reps 102	ERR2306239.26892				uncultured bacterium		
>ERR2032678.13715 10317.000046446_13714 length=150 number of reps 102	ERR2032678.13715				uncultured bacterium		
>ERR4019242.8730 10317.000102894_8729 length=151 number of reps 101	ERR4019242.8730				uncultured bacterium		
>ERR4019242.2046 10317.000102894_2045 length=151 number of reps 101	ERR4019242.2046				uncultured bacterium		
>ERR2697007.1393 10317.000093401_1392 length=151 number of reps 101	ERR2697007.1393				uncultured bacterium		
>ERR2405043.961 10317.000076643_960 length=151 number of reps 101	ERR2405043.961				uncultured bacterium		
>ERR2032678.4629 10317.000046446_4628 length=150 number of reps 101	ERR2032678.4629				uncultured bacterium		
>ERR2032666.3613 10317.000046434_3612 length=150 number of reps 101	ERR2032666.3613				uncultured bacterium		
>ERR1841787.917 10317.000051573_916 length=150 number of reps 101	ERR1841787.917				uncultured bacterium		
>ERR4019242.1555 10317.000102894_1554 length=151 number of reps 100	ERR4019242.1555				uncultured bacterium		
