seqid	accession	identity	evalue	sciname	taxids	taxonomy
ERR1160658.8	MT416388.1	100.0	1.1100000000000001e-57	Escherichia coli	562	Proteobacteria;Gammaproteobacteria;Enterobacterales;Enterobacteriaceae;Escherichia;Escherichia coli
ERR1160658.2	LR797773.1	100.0	1.1100000000000001e-57	Enterobacter ludwigii	299767	Proteobacteria;Gammaproteobacteria;Enterobacterales;Enterobacteriaceae;Enterobacter;Enterobacter ludwigii
ERR2696499.1	CP053042.1	100.0	1.7899999999999994e-71	Proteus cibarius	626774	Proteobacteria;Gammaproteobacteria;Enterobacterales;Morganellaceae;Proteus;Proteus cibarius
ERR2405131.484	LC528171.1	100.0	1.7899999999999994e-71	Akkermansia muciniphila	239935	Verrucomicrobia;Verrucomicrobiae;Verrucomicrobiales;Akkermansiaceae;Akkermansia;Akkermansia muciniphila
ERR1079964.43	MT416449.1	100.0	1.7899999999999994e-71	Escherichia coli	562	Proteobacteria;Gammaproteobacteria;Enterobacterales;Enterobacteriaceae;Escherichia;Escherichia coli
ERR1079964.14	MT464394.1	100.0	1.7899999999999994e-71	Bacteroides dorei	357276	Bacteroidetes;Bacteroidia;Bacteroidales;Bacteroidaceae;Bacteroides;Bacteroides dorei
ERR1080303.384	LC515634.1	100.0	1.7899999999999994e-71	Bacteroides stercoris	46506	Bacteroidetes;Bacteroidia;Bacteroidales;Bacteroidaceae;Bacteroides;Bacteroides stercoris
ERR1458766.2011	MT416449.1	100.0	6.369999999999999e-71	Escherichia coli	562	Proteobacteria;Gammaproteobacteria;Enterobacterales;Enterobacteriaceae;Escherichia;Escherichia coli
ERR1080303.83	MT515977.1	100.0	1.7899999999999994e-71	Bacteroides vulgatus	821	Bacteroidetes;Bacteroidia;Bacteroidales;Bacteroidaceae;Bacteroides;Bacteroides vulgatus
ERR1080303.3069	MN474966.1	100.0	6.369999999999999e-71	uncultured bacterium	77133	NaN;NaN;NaN;NaN;NaN;uncultured bacterium
ERR2319745.9113	MT268985.1	100.0	1.7899999999999994e-71	Bacteroides fragilis	817	Bacteroidetes;Bacteroidia;Bacteroidales;Bacteroidaceae;Bacteroides;Bacteroides fragilis
ERR1079964.38	MT268988.1	100.0	1.7899999999999994e-71	Bacteroides uniformis	820	Bacteroidetes;Bacteroidia;Bacteroidales;Bacteroidaceae;Bacteroides;Bacteroides uniformis
ERR1160658.10	CP053042.1	100.0	1.1100000000000001e-57	Proteus cibarius	626774	Proteobacteria;Gammaproteobacteria;Enterobacterales;Morganellaceae;Proteus;Proteus cibarius
ERR1079964.360	LR654642.1	100.0	1.7899999999999994e-71	uncultured bacterium	77133	NaN;NaN;NaN;NaN;NaN;uncultured bacterium
ERR1160658.16	MT516160.1	100.0	1.1100000000000001e-57	Enterococcus faecium	1352	Firmicutes;Bacilli;Lactobacillales;Enterococcaceae;Enterococcus;Enterococcus faecium
ERR1079964.4	CP048437.1	100.0	1.7899999999999994e-71	Faecalibacterium prausnitzii A2-165	411483	Firmicutes;Clostridia;Clostridiales;Ruminococcaceae;Faecalibacterium;Faecalibacterium prausnitzii
ERR1080303.1030	MN326670.1	100.0	1.7899999999999994e-71	Bacteroides caccae	47678	Bacteroidetes;Bacteroidia;Bacteroidales;Bacteroidaceae;Bacteroides;Bacteroides caccae
ERR1079964.16	MT268987.1	100.0	1.7899999999999994e-71	Bacteroides ovatus	28116	Bacteroidetes;Bacteroidia;Bacteroidales;Bacteroidaceae;Bacteroides;Bacteroides ovatus
ERR1079964.17	LR699017.1	100.0	1.7899999999999994e-71	Faecalibacterium prausnitzii	853	Firmicutes;Clostridia;Clostridiales;Ruminococcaceae;Faecalibacterium;Faecalibacterium prausnitzii
ERR1080303.576	MN081733.1	100.0	1.7899999999999994e-71	Bacteroides sartorii	671267	Bacteroidetes;Bacteroidia;Bacteroidales;Bacteroidaceae;Bacteroides;Bacteroides sartorii
ERR1079964.126	MT464345.1	100.0	1.7899999999999994e-71	Bacteroides thetaiotaomicron	818	Bacteroidetes;Bacteroidia;Bacteroidales;Bacteroidaceae;Bacteroides;Bacteroides thetaiotaomicron
ERR1080303.6	MT509819.1	100.0	1.7899999999999994e-71	Dialister invisus	218538	Firmicutes;Negativicutes;Veillonellales;Veillonellaceae;Dialister;Dialister invisus
ERR1160658.127	MT421943.1	100.0	1.1100000000000001e-57	Citrobacter freundii	546	Proteobacteria;Gammaproteobacteria;Enterobacterales;Enterobacteriaceae;Citrobacter;Citrobacter freundii
ERR1079964.472	MT445090.1	100.0	1.7899999999999994e-71	uncultured bacterium	77133	NaN;NaN;NaN;NaN;NaN;uncultured bacterium
ERR1080303.1096	MT491082.1	100.0	1.7899999999999994e-71	Bifidobacterium longum	216816	Actinobacteria;Actinobacteria;Bifidobacteriales;Bifidobacteriaceae;Bifidobacterium;Bifidobacterium longum
ERR1079964.188	MN474722.1	100.0	1.7899999999999994e-71	uncultured bacterium	77133	NaN;NaN;NaN;NaN;NaN;uncultured bacterium
ERR1160658.20	MT516164.1	100.0	1.1100000000000001e-57	Streptococcus salivarius	1304	Firmicutes;Bacilli;Lactobacillales;Streptococcaceae;Streptococcus;Streptococcus salivarius
ERR1458766.9	CP048437.1	100.0	6.369999999999999e-71	Faecalibacterium prausnitzii A2-165	411483	Firmicutes;Clostridia;Clostridiales;Ruminococcaceae;Faecalibacterium;Faecalibacterium prausnitzii
ERR1458766.137	LR654642.1	100.0	6.369999999999999e-71	uncultured bacterium	77133	NaN;NaN;NaN;NaN;NaN;uncultured bacterium
ERR1458766.50	MT464394.1	100.0	6.369999999999999e-71	Bacteroides dorei	357276	Bacteroidetes;Bacteroidia;Bacteroidales;Bacteroidaceae;Bacteroides;Bacteroides dorei
ERR1160658.81	CP032167.1	100.0	1.1100000000000001e-57	Klebsiella pneumoniae	573	Proteobacteria;Gammaproteobacteria;Enterobacterales;Enterobacteriaceae;Klebsiella;Klebsiella pneumoniae
ERR1160658.1	MH222252.1	100.0	1.1100000000000001e-57	uncultured bacterium	77133	NaN;NaN;NaN;NaN;NaN;uncultured bacterium
ERR2319745.6	LR636945.1	100.0	1.7899999999999994e-71	uncultured bacterium	77133	NaN;NaN;NaN;NaN;NaN;uncultured bacterium
ERR2319745.184	LR650316.1	100.0	1.7899999999999994e-71	uncultured bacterium	77133	NaN;NaN;NaN;NaN;NaN;uncultured bacterium
ERR2405131.61	CP014670.1	100.0	1.7899999999999994e-71	Escherichia coli	562	Proteobacteria;Gammaproteobacteria;Enterobacterales;Enterobacteriaceae;Escherichia;Escherichia coli
ERR1079964.1338	MN212477.1	100.0	1.7899999999999994e-71	uncultured bacterium	77133	NaN;NaN;NaN;NaN;NaN;uncultured bacterium
ERR1160658.105	KX996786.1	100.0	1.1100000000000001e-57	uncultured bacterium	77133	NaN;NaN;NaN;NaN;NaN;uncultured bacterium
ERR1843602.15	MH288077.1	100.0	6.369999999999999e-71	uncultured bacterium	77133	NaN;NaN;NaN;NaN;NaN;uncultured bacterium
ERR1080303.344	HQ791674.1	100.0	1.7899999999999994e-71	uncultured organism	155900	NaN;NaN;NaN;NaN;NaN;uncultured organism
ERR2319745.10519	MN474940.1	100.0	1.7899999999999994e-71	uncultured bacterium	77133	NaN;NaN;NaN;NaN;NaN;uncultured bacterium
ERR2697834.4	LR595738.1	100.0	1.7899999999999994e-71	uncultured bacterium	77133	NaN;NaN;NaN;NaN;NaN;uncultured bacterium
ERR2319745.26	LR654311.1	100.0	1.7899999999999994e-71	uncultured bacterium	77133	NaN;NaN;NaN;NaN;NaN;uncultured bacterium
ERR1079964.63	MH291619.1	100.0	1.7899999999999994e-71	uncultured bacterium	77133	NaN;NaN;NaN;NaN;NaN;uncultured bacterium
ERR1079964.10	MT421943.1	100.0	1.7899999999999994e-71	Citrobacter freundii	546	Proteobacteria;Gammaproteobacteria;Enterobacterales;Enterobacteriaceae;Citrobacter;Citrobacter freundii
ERR1458766.7	MT445090.1	100.0	6.369999999999999e-71	uncultured bacterium	77133	NaN;NaN;NaN;NaN;NaN;uncultured bacterium
ERR1079964.537	LR640650.1	100.0	1.7899999999999994e-71	uncultured bacterium	77133	NaN;NaN;NaN;NaN;NaN;uncultured bacterium
ERR1080303.105	LR651246.1	100.0	1.7899999999999994e-71	uncultured bacterium	77133	NaN;NaN;NaN;NaN;NaN;uncultured bacterium
ERR1080303.3728	MT445110.1	100.0	1.7899999999999994e-71	uncultured bacterium	77133	NaN;NaN;NaN;NaN;NaN;uncultured bacterium
ERR2319745.208	KF841716.1	100.0	1.7899999999999994e-71	uncultured bacterium	77133	NaN;NaN;NaN;NaN;NaN;uncultured bacterium
ERR2405131.13	MH570136.1	100.0	1.7899999999999994e-71	uncultured Bacteroides sp.	162156	Bacteroidetes;Bacteroidia;Bacteroidales;Bacteroidaceae;Bacteroides;uncultured Bacteroides sp.
ERR2319745.126	LR643030.1	100.0	1.7899999999999994e-71	uncultured bacterium	77133	NaN;NaN;NaN;NaN;NaN;uncultured bacterium
ERR1079964.226	MT445109.1	100.0	1.7899999999999994e-71	uncultured bacterium	77133	NaN;NaN;NaN;NaN;NaN;uncultured bacterium
ERR1079964.4617	LR699017.1	100.0	6.369999999999999e-71	Faecalibacterium prausnitzii	853	Firmicutes;Clostridia;Clostridiales;Ruminococcaceae;Faecalibacterium;Faecalibacterium prausnitzii
ERR1160658.278	LR135607.1	100.0	1.1100000000000001e-57	Klebsiella michiganensis	1134687	Proteobacteria;Gammaproteobacteria;Enterobacterales;Enterobacteriaceae;Klebsiella;Klebsiella michiganensis
ERR1080303.51	CP040518.1	100.0	1.7899999999999994e-71	Blautia sp. SC05B48	2479767	Firmicutes;Clostridia;Clostridiales;Lachnospiraceae;Blautia;Blautia sp. SC05B48
ERR1079964.648	MN474966.1	100.0	1.7899999999999994e-71	uncultured bacterium	77133	NaN;NaN;NaN;NaN;NaN;uncultured bacterium
ERR1458766.18	MG858628.1	100.0	6.369999999999999e-71	uncultured bacterium	77133	NaN;NaN;NaN;NaN;NaN;uncultured bacterium
ERR1079964.558	CP051672.1	100.0	1.7899999999999994e-71	Parabacteroides distasonis	823	Bacteroidetes;Bacteroidia;Bacteroidales;Tannerellaceae;Parabacteroides;Parabacteroides distasonis
ERR1458766.5385	CP051144.1	100.0	6.369999999999999e-71	Romboutsia sp. CE17	2724150	Bacteroidetes;Bacteroidia;Bacteroidales;Tannerellaceae;Parabacteroides;Parabacteroides distasonis
ERR1079964.924	LR640086.1	100.0	1.7899999999999994e-71	uncultured bacterium	77133	NaN;NaN;NaN;NaN;NaN;uncultured bacterium
ERR1845804.468	MN081733.1	100.0	6.369999999999999e-71	Bacteroides sartorii	671267	Bacteroidetes;Bacteroidia;Bacteroidales;Bacteroidaceae;Bacteroides;Bacteroides sartorii
ERR2319745.462	LC515634.1	100.0	6.369999999999999e-71	Bacteroides stercoris	46506	Bacteroidetes;Bacteroidia;Bacteroidales;Bacteroidaceae;Bacteroides;Bacteroides stercoris
ERR1079964.29	LR797773.1	100.0	1.7899999999999994e-71	Enterobacter ludwigii	299767	Proteobacteria;Gammaproteobacteria;Enterobacterales;Enterobacteriaceae;Enterobacter;Enterobacter ludwigii
ERR2696499.8	CP053042.1	100.0	6.429999999999998e-71	Proteus cibarius	626774	Proteobacteria;Gammaproteobacteria;Enterobacterales;Morganellaceae;Proteus;Proteus cibarius
ERR4019696.38	HQ790005.1	100.0	1.7899999999999994e-71	uncultured organism	155900	NaN;NaN;NaN;NaN;NaN;uncultured organism
ERR2319745.2043	MK727100.1	100.0	1.7899999999999994e-71	uncultured bacterium	77133	NaN;NaN;NaN;NaN;NaN;uncultured bacterium
ERR2319745.139	MK274834.1	100.0	1.7899999999999994e-71	uncultured bacterium	77133	NaN;NaN;NaN;NaN;NaN;uncultured bacterium
ERR1080303.255	MT445121.1	100.0	1.7899999999999994e-71	uncultured bacterium	77133	NaN;NaN;NaN;NaN;NaN;uncultured bacterium
ERR1458766.1170	MN474435.1	100.0	6.369999999999999e-71	uncultured bacterium	77133	NaN;NaN;NaN;NaN;NaN;uncultured bacterium
ERR1458766.485	MN474887.1	100.0	6.369999999999999e-71	uncultured bacterium	77133	NaN;NaN;NaN;NaN;NaN;uncultured bacterium
ERR1079964.36	MT268988.1	100.0	6.429999999999998e-71	Bacteroides uniformis	820	Bacteroidetes;Bacteroidia;Bacteroidales;Bacteroidaceae;Bacteroides;Bacteroides uniformis
ERR1841615.1284	MT445141.1	100.0	6.369999999999999e-71	uncultured bacterium	77133	NaN;NaN;NaN;NaN;NaN;uncultured bacterium
ERR1079964.9	MT464394.1	100.0	6.429999999999998e-71	Bacteroides dorei	357276	Bacteroidetes;Bacteroidia;Bacteroidales;Bacteroidaceae;Bacteroides;Bacteroides dorei
ERR2405131.2794	JQ185275.1	100.0	1.7899999999999994e-71	uncultured bacterium	77133	NaN;NaN;NaN;NaN;NaN;uncultured bacterium
ERR2405131.57	MK274833.1	100.0	1.7899999999999994e-71	uncultured bacterium	77133	NaN;NaN;NaN;NaN;NaN;uncultured bacterium
ERR1458766.28	CP049223.1	100.0	6.369999999999999e-71	Lactobacillus iners	147802	Firmicutes;Bacilli;Lactobacillales;Lactobacillaceae;Lactobacillus;Lactobacillus iners
ERR1079964.23	EF709162.1	100.0	1.7899999999999994e-71	uncultured Bacteroidales bacterium	194843	Bacteroidetes;Bacteroidia;Bacteroidales;NaN;NaN;uncultured Bacteroidales bacterium
ERR1160658.455	KP108905.1	100.0	1.1100000000000001e-57	uncultured Oribacterium sp.	462198	Firmicutes;Clostridia;Clostridiales;Lachnospiraceae;Oribacterium;uncultured Oribacterium sp.
ERR1458766.1148	MH761663.1	100.0	6.369999999999999e-71	uncultured bacterium	77133	NaN;NaN;NaN;NaN;NaN;uncultured bacterium
ERR1845804.6980	MT516170.1	99.333	2.96e-69	Escherichia fergusonii	564	Proteobacteria;Gammaproteobacteria;Enterobacterales;Enterobacteriaceae;Escherichia;Escherichia fergusonii
ERR1843602.34	MT516130.1	100.0	6.369999999999999e-71	Lactobacillus ruminis	1623	Firmicutes;Bacilli;Lactobacillales;Lactobacillaceae;Lactobacillus;Lactobacillus ruminis
ERR1160658.199	KX994305.1	100.0	1.1100000000000001e-57	uncultured bacterium	77133	NaN;NaN;NaN;NaN;NaN;uncultured bacterium
ERR2405131.1523	MH761572.1	100.0	1.7899999999999994e-71	uncultured bacterium	77133	NaN;NaN;NaN;NaN;NaN;uncultured bacterium
ERR2319745.3701	LR654724.1	100.0	1.7899999999999994e-71	uncultured bacterium	77133	NaN;NaN;NaN;NaN;NaN;uncultured bacterium
ERR2696499.90	CP053042.1	99.338	8.309999999999998e-70	Proteus cibarius	626774	Proteobacteria;Gammaproteobacteria;Enterobacterales;Morganellaceae;Proteus;Proteus cibarius
ERR1845804.1415	MN212362.1	100.0	6.369999999999999e-71	uncultured bacterium	77133	NaN;NaN;NaN;NaN;NaN;uncultured bacterium
ERR2319745.8381	MH467656.1	100.0	1.7899999999999994e-71	uncultured bacterium	77133	NaN;NaN;NaN;NaN;NaN;uncultured bacterium
ERR1841615.933	MN474266.1	100.0	6.369999999999999e-71	uncultured bacterium	77133	NaN;NaN;NaN;NaN;NaN;uncultured bacterium
ERR1080303.38	MN215011.1	100.0	1.7899999999999994e-71	uncultured Bacteroides sp.	162156	Bacteroidetes;Bacteroidia;Bacteroidales;Bacteroidaceae;Bacteroides;uncultured Bacteroides sp.
ERR1458766.231	MT269337.1	100.0	6.369999999999999e-71	Finegoldia magna	1260	Firmicutes;Tissierellia;Tissierellales;Peptoniphilaceae;Finegoldia;Finegoldia magna
ERR1458766.5857	MH761330.1	100.0	6.369999999999999e-71	uncultured bacterium	77133	NaN;NaN;NaN;NaN;NaN;uncultured bacterium
ERR1458766.34	KY672216.1	100.0	6.369999999999999e-71	uncultured bacterium	77133	NaN;NaN;NaN;NaN;NaN;uncultured bacterium
ERR1458766.481	LR654483.1	100.0	6.369999999999999e-71	uncultured bacterium	77133	NaN;NaN;NaN;NaN;NaN;uncultured bacterium
ERR1458766.854	MT491082.1	100.0	6.369999999999999e-71	Bifidobacterium longum	216816	Actinobacteria;Actinobacteria;Bifidobacteriales;Bifidobacteriaceae;Bifidobacterium;Bifidobacterium longum
ERR1160658.251	MT268988.1	100.0	1.1100000000000001e-57	Bacteroides uniformis	820	Bacteroidetes;Bacteroidia;Bacteroidales;Bacteroidaceae;Bacteroides;Bacteroides uniformis
ERR2319745.401	KU467712.1	100.0	2.2699999999999994e-70	uncultured bacterium	77133	NaN;NaN;NaN;NaN;NaN;uncultured bacterium
ERR2319745.2001	KP804558.1	100.0	1.7899999999999994e-71	uncultured bacterium	77133	NaN;NaN;NaN;NaN;NaN;uncultured bacterium
ERR2405131.1737	FP076187.1	100.0	1.7899999999999994e-71	uncultured bacterium	77133	NaN;NaN;NaN;NaN;NaN;uncultured bacterium
ERR1843602.25	KP105400.1	100.0	6.369999999999999e-71	uncultured Prevotella sp.	159272	Bacteroidetes;Bacteroidia;Bacteroidales;Prevotellaceae;Prevotella;uncultured Prevotella sp.
ERR1842255.10460	DQ794968.1	100.0	6.369999999999999e-71	uncultured bacterium	77133	NaN;NaN;NaN;NaN;NaN;uncultured bacterium
ERR1080303.155	MN474769.1	100.0	1.7899999999999994e-71	uncultured bacterium	77133	NaN;NaN;NaN;NaN;NaN;uncultured bacterium
ERR1079964.54	MH569932.1	100.0	1.7899999999999994e-71	uncultured bacterium	77133	NaN;NaN;NaN;NaN;NaN;uncultured bacterium
ERR1458766.169	CP040518.1	100.0	6.369999999999999e-71	Blautia sp. SC05B48	2479767	Firmicutes;Clostridia;Clostridiales;Lachnospiraceae;Blautia;Blautia sp. SC05B48
ERR2319745.1904	KF841716.1	100.0	6.369999999999999e-71	uncultured bacterium	77133	NaN;NaN;NaN;NaN;NaN;uncultured bacterium
ERR1843602.84	KY285433.1	100.0	6.369999999999999e-71	uncultured bacterium	77133	NaN;NaN;NaN;NaN;NaN;uncultured bacterium
ERR1160658.1048	MT472101.1	100.0	1.1100000000000001e-57	Pseudomonas syringae pv. actinidiae	103796	Proteobacteria;Gammaproteobacteria;Pseudomonadales;Pseudomonadaceae;Pseudomonas;Pseudomonas syringae
ERR1458766.68	MT268987.1	100.0	6.369999999999999e-71	Bacteroides ovatus	28116	Bacteroidetes;Bacteroidia;Bacteroidales;Bacteroidaceae;Bacteroides;Bacteroides ovatus
ERR1458766.418	MH761645.1	100.0	6.369999999999999e-71	uncultured bacterium	77133	NaN;NaN;NaN;NaN;NaN;uncultured bacterium
ERR2319745.160	KF843249.1	100.0	1.7899999999999994e-71	uncultured bacterium	77133	NaN;NaN;NaN;NaN;NaN;uncultured bacterium
ERR1845804.8414	MT416445.1	100.0	6.369999999999999e-71	Staphylococcus aureus	1280	Firmicutes;Bacilli;Bacillales;Staphylococcaceae;Staphylococcus;Staphylococcus aureus
ERR2319745.637	KC304281.1	100.0	1.7899999999999994e-71	uncultured bacterium	77133	NaN;NaN;NaN;NaN;NaN;uncultured bacterium
ERR2319745.4571	DQ806879.1	100.0	1.7899999999999994e-71	uncultured bacterium	77133	NaN;NaN;NaN;NaN;NaN;uncultured bacterium
ERR1458766.162	MH291619.1	100.0	6.369999999999999e-71	uncultured bacterium	77133	NaN;NaN;NaN;NaN;NaN;uncultured bacterium
ERR1841615.86	JN612466.1	100.0	6.369999999999999e-71	uncultured bacterium	77133	NaN;NaN;NaN;NaN;NaN;uncultured bacterium
ERR1079964.1103	MH570035.1	100.0	1.7899999999999994e-71	uncultured bacterium	77133	NaN;NaN;NaN;NaN;NaN;uncultured bacterium
ERR1160658.140	MF365666.1	100.0	1.1100000000000001e-57	uncultured bacterium	77133	NaN;NaN;NaN;NaN;NaN;uncultured bacterium
ERR1458766.363	LC489059.1	100.0	6.369999999999999e-71	uncultured bacterium	77133	NaN;NaN;NaN;NaN;NaN;uncultured bacterium
ERR1842255.18	MH291422.1	100.0	6.369999999999999e-71	uncultured bacterium	77133	NaN;NaN;NaN;NaN;NaN;uncultured bacterium
ERR1160658.640	MF081592.1	100.0	1.1100000000000001e-57	uncultured bacterium	77133	NaN;NaN;NaN;NaN;NaN;uncultured bacterium
ERR1080303.480	HQ791752.1	100.0	1.7899999999999994e-71	uncultured organism	155900	NaN;NaN;NaN;NaN;NaN;uncultured organism
ERR1080303.28	KC304723.1	100.0	1.7899999999999994e-71	uncultured bacterium	77133	NaN;NaN;NaN;NaN;NaN;uncultured bacterium
ERR1160658.1749	KX654258.1	100.0	1.1100000000000001e-57	uncultured bacterium	77133	NaN;NaN;NaN;NaN;NaN;uncultured bacterium
ERR2696499.156	MT268985.1	100.0	6.429999999999998e-71	Bacteroides fragilis	817	Bacteroidetes;Bacteroidia;Bacteroidales;Bacteroidaceae;Bacteroides;Bacteroides fragilis
ERR1080303.379	CP051144.1	100.0	1.7899999999999994e-71	Romboutsia sp. CE17	2724150	Bacteroidetes;Bacteroidia;Bacteroidales;Bacteroidaceae;Bacteroides;Bacteroides fragilis
ERR2319745.3848	KF229951.1	100.0	1.7899999999999994e-71	uncultured bacterium	77133	NaN;NaN;NaN;NaN;NaN;uncultured bacterium
ERR1458766.5497	MF365015.1	100.0	6.369999999999999e-71	uncultured bacterium	77133	NaN;NaN;NaN;NaN;NaN;uncultured bacterium
ERR1080303.2192	MG702800.1	100.0	1.7899999999999994e-71	uncultured Lachnospiraceae bacterium	297314	Firmicutes;Clostridia;Clostridiales;Lachnospiraceae;NaN;uncultured Lachnospiraceae bacterium
ERR2319745.536	MH468612.1	100.0	1.7899999999999994e-71	uncultured bacterium	77133	NaN;NaN;NaN;NaN;NaN;uncultured bacterium
ERR1458766.3	MH468371.1	100.0	6.369999999999999e-71	uncultured bacterium	77133	NaN;NaN;NaN;NaN;NaN;uncultured bacterium
ERR1845804.11038	MT416449.1	99.333	2.96e-69	Escherichia coli	562	Proteobacteria;Gammaproteobacteria;Enterobacterales;Enterobacteriaceae;Escherichia;Escherichia coli
ERR1160658.1818	MH221941.1	100.0	1.1100000000000001e-57	uncultured bacterium	77133	NaN;NaN;NaN;NaN;NaN;uncultured bacterium
ERR1160658.1096	MT516207.1	100.0	1.1100000000000001e-57	Weissella confusa	1583	Firmicutes;Bacilli;Lactobacillales;Leuconostocaceae;Weissella;Weissella confusa
ERR1079964.1770	MT268993.1	100.0	2.2699999999999994e-70	Odoribacter splanchnicus	28118	Bacteroidetes;Bacteroidia;Bacteroidales;Odoribacteraceae;Odoribacter;Odoribacter splanchnicus
ERR1079964.1762	MH572109.1	100.0	1.7899999999999994e-71	uncultured Lachnospiraceae bacterium	297314	Firmicutes;Clostridia;Clostridiales;Lachnospiraceae;NaN;uncultured Lachnospiraceae bacterium
ERR2319745.1536	JN611629.1	100.0	1.7899999999999994e-71	uncultured bacterium	77133	NaN;NaN;NaN;NaN;NaN;uncultured bacterium
ERR1160658.1104	MN252008.1	99.206	5.17e-56	Serratia marcescens	615	Proteobacteria;Gammaproteobacteria;Enterobacterales;Yersiniaceae;Serratia;Serratia marcescens
ERR1079964.6055	MN474509.1	100.0	1.7899999999999994e-71	uncultured bacterium	77133	NaN;NaN;NaN;NaN;NaN;uncultured bacterium
ERR1845804.7974	KY671809.1	100.0	6.369999999999999e-71	uncultured bacterium	77133	NaN;NaN;NaN;NaN;NaN;uncultured bacterium
ERR1080303.4233	MT515977.1	100.0	6.429999999999998e-71	Bacteroides vulgatus	821	Bacteroidetes;Bacteroidia;Bacteroidales;Bacteroidaceae;Bacteroides;Bacteroides vulgatus
ERR2405131.1609	HQ784797.1	100.0	1.7899999999999994e-71	uncultured organism	155900	NaN;NaN;NaN;NaN;NaN;uncultured organism
ERR2319745.25426	JQ940722.1	100.0	1.7899999999999994e-71	uncultured bacterium	77133	NaN;NaN;NaN;NaN;NaN;uncultured bacterium
ERR2319745.24670	FP078720.1	100.0	1.7899999999999994e-71	uncultured bacterium	77133	NaN;NaN;NaN;NaN;NaN;uncultured bacterium
ERR1458766.182	MG702771.1	100.0	6.369999999999999e-71	uncultured Lachnospiraceae bacterium	297314	Firmicutes;Clostridia;Clostridiales;Lachnospiraceae;NaN;uncultured Lachnospiraceae bacterium
ERR1160658.634	MN474983.1	100.0	1.1100000000000001e-57	uncultured bacterium	77133	NaN;NaN;NaN;NaN;NaN;uncultured bacterium
ERR2697834.389	LR648546.1	100.0	1.7899999999999994e-71	uncultured bacterium	77133	NaN;NaN;NaN;NaN;NaN;uncultured bacterium
ERR1079964.1032	MF364912.1	100.0	1.7899999999999994e-71	uncultured bacterium	77133	NaN;NaN;NaN;NaN;NaN;uncultured bacterium
ERR1843602.86	KP108951.1	100.0	6.369999999999999e-71	uncultured Prevotella sp.	159272	Bacteroidetes;Bacteroidia;Bacteroidales;Prevotellaceae;Prevotella;uncultured Prevotella sp.
ERR1458766.1102	LC528172.1	100.0	6.369999999999999e-71	Anaerostipes hadrus	649756	Firmicutes;Clostridia;Clostridiales;Lachnospiraceae;Anaerostipes;Anaerostipes hadrus
ERR2319745.4523	MF264046.1	100.0	1.7899999999999994e-71	uncultured bacterium	77133	NaN;NaN;NaN;NaN;NaN;uncultured bacterium
ERR1080303.905	MH761842.1	100.0	1.7899999999999994e-71	uncultured bacterium	77133	NaN;NaN;NaN;NaN;NaN;uncultured bacterium
ERR1160658.196	KX996994.1	99.206	5.17e-56	uncultured bacterium	77133	NaN;NaN;NaN;NaN;NaN;uncultured bacterium
ERR1080303.2	MH228452.1	100.0	1.7899999999999994e-71	uncultured bacterium	77133	NaN;NaN;NaN;NaN;NaN;uncultured bacterium
ERR1160658.678	LC268639.1	100.0	1.1100000000000001e-57	uncultured bacterium	77133	NaN;NaN;NaN;NaN;NaN;uncultured bacterium
ERR2319745.3265	KC304481.1	100.0	1.7899999999999994e-71	uncultured bacterium	77133	NaN;NaN;NaN;NaN;NaN;uncultured bacterium
ERR1458766.110	MH569932.1	100.0	6.369999999999999e-71	uncultured bacterium	77133	NaN;NaN;NaN;NaN;NaN;uncultured bacterium
ERR2319745.3631	KJ421935.1	100.0	1.7899999999999994e-71	uncultured bacterium	77133	NaN;NaN;NaN;NaN;NaN;uncultured bacterium
ERR1842255.164	KY671907.1	100.0	6.369999999999999e-71	uncultured bacterium	77133	NaN;NaN;NaN;NaN;NaN;uncultured bacterium
ERR2319745.4293	KY049721.1	100.0	1.7899999999999994e-71	uncultured bacterium	77133	NaN;NaN;NaN;NaN;NaN;uncultured bacterium
ERR2319745.350	MK274681.1	100.0	1.7899999999999994e-71	uncultured bacterium	77133	NaN;NaN;NaN;NaN;NaN;uncultured bacterium
ERR2319745.16522	MN212492.1	100.0	1.7899999999999994e-71	uncultured bacterium	77133	NaN;NaN;NaN;NaN;NaN;uncultured bacterium
ERR1080303.2832	MN212470.1	100.0	1.7899999999999994e-71	uncultured bacterium	77133	NaN;NaN;NaN;NaN;NaN;uncultured bacterium
ERR1458766.53	LR646661.1	100.0	6.369999999999999e-71	uncultured bacterium	77133	NaN;NaN;NaN;NaN;NaN;uncultured bacterium
ERR1160658.2367	LC356867.1	100.0	1.1100000000000001e-57	uncultured bacterium	77133	NaN;NaN;NaN;NaN;NaN;uncultured bacterium
ERR1080303.3134	HQ748899.1	100.0	1.7899999999999994e-71	uncultured organism	155900	NaN;NaN;NaN;NaN;NaN;uncultured organism
ERR2319745.188	HQ787930.1	100.0	1.7899999999999994e-71	uncultured organism	155900	NaN;NaN;NaN;NaN;NaN;uncultured organism
ERR1458766.43	MN212518.1	100.0	6.369999999999999e-71	uncultured bacterium	77133	NaN;NaN;NaN;NaN;NaN;uncultured bacterium
ERR1079964.4679	MH196680.1	100.0	1.7899999999999994e-71	uncultured bacterium	77133	NaN;NaN;NaN;NaN;NaN;uncultured bacterium
ERR1079964.154	MH291839.1	100.0	1.7899999999999994e-71	uncultured bacterium	77133	NaN;NaN;NaN;NaN;NaN;uncultured bacterium
ERR1160658.626	MH222252.1	99.206	5.17e-56	uncultured bacterium	77133	NaN;NaN;NaN;NaN;NaN;uncultured bacterium
ERR4019696.473	FP078720.1	98.675	3.87e-68	uncultured bacterium	77133	NaN;NaN;NaN;NaN;NaN;uncultured bacterium
ERR2319745.652	KC304747.1	100.0	1.7899999999999994e-71	uncultured bacterium	77133	NaN;NaN;NaN;NaN;NaN;uncultured bacterium
ERR1458766.154	KF110105.1	100.0	6.369999999999999e-71	uncultured bacterium	77133	NaN;NaN;NaN;NaN;NaN;uncultured bacterium
ERR2405131.227	KX593306.1	100.0	1.7899999999999994e-71	uncultured bacterium	77133	NaN;NaN;NaN;NaN;NaN;uncultured bacterium
ERR1845804.10448	HQ791598.1	100.0	6.369999999999999e-71	uncultured organism	155900	NaN;NaN;NaN;NaN;NaN;uncultured organism
ERR1080303.6069	KF232424.1	100.0	1.7899999999999994e-71	uncultured bacterium	77133	NaN;NaN;NaN;NaN;NaN;uncultured bacterium
ERR1080303.1744	MN212518.1	100.0	1.7899999999999994e-71	uncultured bacterium	77133	NaN;NaN;NaN;NaN;NaN;uncultured bacterium
ERR2405131.240	MT416449.1	99.338	8.309999999999998e-70	Escherichia coli	562	Proteobacteria;Gammaproteobacteria;Enterobacterales;Enterobacteriaceae;Escherichia;Escherichia coli
ERR1160658.2194	CP053042.1	97.619	1.1200000000000001e-52	Proteus cibarius	626774	Proteobacteria;Gammaproteobacteria;Enterobacterales;Morganellaceae;Proteus;Proteus cibarius
ERR1079964.882	LC528172.1	100.0	1.7899999999999994e-71	Anaerostipes hadrus	649756	Firmicutes;Clostridia;Clostridiales;Lachnospiraceae;Anaerostipes;Anaerostipes hadrus
ERR2319745.3080	LR637623.1	100.0	1.7899999999999994e-71	uncultured bacterium	77133	NaN;NaN;NaN;NaN;NaN;uncultured bacterium
ERR1458766.1042	MH467921.1	100.0	6.369999999999999e-71	uncultured bacterium	77133	NaN;NaN;NaN;NaN;NaN;uncultured bacterium
ERR1079964.479	FP077798.1	100.0	1.7899999999999994e-71	uncultured bacterium	77133	NaN;NaN;NaN;NaN;NaN;uncultured bacterium
ERR1458766.94	LR651281.1	100.0	6.369999999999999e-71	uncultured bacterium	77133	NaN;NaN;NaN;NaN;NaN;uncultured bacterium
ERR2405131.328	MH761181.1	100.0	1.7899999999999994e-71	uncultured bacterium	77133	NaN;NaN;NaN;NaN;NaN;uncultured bacterium
ERR2319745.424	MF364887.1	100.0	1.7899999999999994e-71	uncultured bacterium	77133	NaN;NaN;NaN;NaN;NaN;uncultured bacterium
ERR1842835.181	DQ806733.1	99.333	2.96e-69	uncultured bacterium	77133	NaN;NaN;NaN;NaN;NaN;uncultured bacterium
ERR1458766.131	LC515606.1	100.0	6.369999999999999e-71	Acidaminococcus intestini	187327	Firmicutes;Negativicutes;Acidaminococcales;Acidaminococcaceae;Acidaminococcus;Acidaminococcus intestini
ERR1458766.1204	CP040902.1	100.0	6.369999999999999e-71	Longibaculum sp. KGMB06250	2584943	Firmicutes;Erysipelotrichia;Erysipelotrichales;Erysipelotrichaceae;Longibaculum;Longibaculum sp. KGMB06250
ERR1079964.4288	MH761696.1	100.0	1.7899999999999994e-71	uncultured bacterium	77133	NaN;NaN;NaN;NaN;NaN;uncultured bacterium
ERR2319745.2002	MN474417.1	100.0	1.7899999999999994e-71	uncultured bacterium	77133	NaN;NaN;NaN;NaN;NaN;uncultured bacterium
ERR2696499.27	CP053042.1	99.338	8.309999999999998e-70	Proteus cibarius	626774	Proteobacteria;Gammaproteobacteria;Enterobacterales;Morganellaceae;Proteus;Proteus cibarius
ERR1845804.862	MN212164.1	100.0	6.369999999999999e-71	uncultured bacterium	77133	NaN;NaN;NaN;NaN;NaN;uncultured bacterium
ERR2405131.243	KF385804.1	98.01299999999999	1.7999999999999995e-66	uncultured bacterium	77133	NaN;NaN;NaN;NaN;NaN;uncultured bacterium
ERR1080303.122	KR188893.1	100.0	2.2699999999999994e-70	uncultured bacterium	77133	NaN;NaN;NaN;NaN;NaN;uncultured bacterium
ERR2304148.726	MT509550.1	100.0	1.7899999999999994e-71	Raoultella ornithinolytica	54291	Proteobacteria;Gammaproteobacteria;Enterobacterales;Enterobacteriaceae;Raoultella;Raoultella ornithinolytica
ERR1843602.7	MT510319.1	100.0	6.369999999999999e-71	Lactobacillus ruminis	1623	Firmicutes;Bacilli;Lactobacillales;Lactobacillaceae;Lactobacillus;Lactobacillus ruminis
ERR1080303.262	MF670802.1	100.0	1.7899999999999994e-71	uncultured Faecalibacterium sp.	259315	Firmicutes;Clostridia;Clostridiales;Ruminococcaceae;Faecalibacterium;uncultured Faecalibacterium sp.
ERR2319745.375	LR590664.1	100.0	2.2699999999999994e-70	Methanobrevibacter smithii	2173	Euryarchaeota;Methanobacteria;Methanobacteriales;Methanobacteriaceae;Methanobrevibacter;Methanobrevibacter smithii
ERR1160658.289	MH223120.1	100.0	1.1100000000000001e-57	uncultured bacterium	77133	NaN;NaN;NaN;NaN;NaN;uncultured bacterium
ERR2697834.41	LR638955.1	100.0	1.7899999999999994e-71	uncultured bacterium	77133	NaN;NaN;NaN;NaN;NaN;uncultured bacterium
ERR2405131.659	KY285519.1	100.0	1.7899999999999994e-71	uncultured bacterium	77133	NaN;NaN;NaN;NaN;NaN;uncultured bacterium
ERR1458766.17939	CP051672.1	100.0	6.369999999999999e-71	Parabacteroides distasonis	823	Bacteroidetes;Bacteroidia;Bacteroidales;Tannerellaceae;Parabacteroides;Parabacteroides distasonis
ERR1160658.2772	MT516170.1	99.206	5.17e-56	Escherichia fergusonii	564	Proteobacteria;Gammaproteobacteria;Enterobacterales;Enterobacteriaceae;Escherichia;Escherichia fergusonii
ERR1160658.3129	MN252008.1	100.0	1.1100000000000001e-57	Serratia marcescens	615	Proteobacteria;Gammaproteobacteria;Enterobacterales;Yersiniaceae;Serratia;Serratia marcescens
ERR1160658.767	KP808093.1	100.0	1.1100000000000001e-57	uncultured bacterium	77133	NaN;NaN;NaN;NaN;NaN;uncultured bacterium
ERR1160658.2141	LC359100.1	100.0	1.1100000000000001e-57	uncultured bacterium	77133	NaN;NaN;NaN;NaN;NaN;uncultured bacterium
ERR1841615.173	MN212492.1	100.0	6.369999999999999e-71	uncultured bacterium	77133	NaN;NaN;NaN;NaN;NaN;uncultured bacterium
ERR1079964.4369	MN474469.1	100.0	1.7899999999999994e-71	uncultured bacterium	77133	NaN;NaN;NaN;NaN;NaN;uncultured bacterium
ERR2696499.169	CP053042.1	99.338	8.309999999999998e-70	Proteus cibarius	626774	Proteobacteria;Gammaproteobacteria;Enterobacterales;Morganellaceae;Proteus;Proteus cibarius
ERR1841615.96	KF843318.1	100.0	6.369999999999999e-71	uncultured bacterium	77133	NaN;NaN;NaN;NaN;NaN;uncultured bacterium
ERR1079964.635	LR651281.1	100.0	1.7899999999999994e-71	uncultured bacterium	77133	NaN;NaN;NaN;NaN;NaN;uncultured bacterium
ERR4019696.1254	CP051672.1	99.338	8.309999999999998e-70	Parabacteroides distasonis	823	Bacteroidetes;Bacteroidia;Bacteroidales;Tannerellaceae;Parabacteroides;Parabacteroides distasonis
ERR2319745.13267	MH227048.1	100.0	1.7899999999999994e-71	uncultured bacterium	77133	NaN;NaN;NaN;NaN;NaN;uncultured bacterium
ERR1843602.1031	KT926888.1	100.0	6.369999999999999e-71	uncultured bacterium	77133	NaN;NaN;NaN;NaN;NaN;uncultured bacterium
ERR1160658.418	MT125906.1	100.0	1.1100000000000001e-57	Klebsiella pneumoniae	573	Proteobacteria;Gammaproteobacteria;Enterobacterales;Enterobacteriaceae;Klebsiella;Klebsiella pneumoniae
ERR1079964.593	FJ345906.1	100.0	1.7899999999999994e-71	uncultured bacterium	77133	NaN;NaN;NaN;NaN;NaN;uncultured bacterium
ERR4019696.303	MT268985.1	98.675	3.87e-68	Bacteroides fragilis	817	Bacteroidetes;Bacteroidia;Bacteroidales;Bacteroidaceae;Bacteroides;Bacteroides fragilis
ERR2405131.95	FJ369890.1	100.0	1.7899999999999994e-71	uncultured bacterium	77133	NaN;NaN;NaN;NaN;NaN;uncultured bacterium
ERR1845804.7961	MF364754.1	100.0	6.369999999999999e-71	uncultured bacterium	77133	NaN;NaN;NaN;NaN;NaN;uncultured bacterium
ERR1842255.32	KU112262.1	100.0	6.369999999999999e-71	uncultured bacterium	77133	NaN;NaN;NaN;NaN;NaN;uncultured bacterium
ERR1458766.554	MH572109.1	100.0	6.369999999999999e-71	uncultured Lachnospiraceae bacterium	297314	Firmicutes;Clostridia;Clostridiales;Lachnospiraceae;NaN;uncultured Lachnospiraceae bacterium
ERR2405131.21	MN211895.1	100.0	1.7899999999999994e-71	uncultured bacterium	77133	NaN;NaN;NaN;NaN;NaN;uncultured bacterium
ERR2319745.33185	MN212164.1	100.0	1.7899999999999994e-71	uncultured bacterium	77133	NaN;NaN;NaN;NaN;NaN;uncultured bacterium
ERR2319745.2557	FP078221.1	100.0	1.7899999999999994e-71	uncultured bacterium	77133	NaN;NaN;NaN;NaN;NaN;uncultured bacterium
ERR2319745.1578	LC528171.1	100.0	6.429999999999998e-71	Akkermansia muciniphila	239935	Verrucomicrobia;Verrucomicrobiae;Verrucomicrobiales;Akkermansiaceae;Akkermansia;Akkermansia muciniphila
ERR2314040.56	KR952335.1	100.0	1.7899999999999994e-71	Penicillium roqueforti	5082	Ascomycota;Eurotiomycetes;Eurotiales;Aspergillaceae;Penicillium;Penicillium roqueforti
ERR1845804.4857	MH462403.1	100.0	6.369999999999999e-71	uncultured bacterium	77133	NaN;NaN;NaN;NaN;NaN;uncultured bacterium
ERR1079964.1749	MH291865.1	100.0	1.7899999999999994e-71	uncultured bacterium	77133	NaN;NaN;NaN;NaN;NaN;uncultured bacterium
ERR1160658.531	KX971281.1	100.0	1.1100000000000001e-57	uncultured bacterium	77133	NaN;NaN;NaN;NaN;NaN;uncultured bacterium
ERR1160658.344	MT445109.1	100.0	1.1100000000000001e-57	uncultured bacterium	77133	NaN;NaN;NaN;NaN;NaN;uncultured bacterium
ERR2319745.4084	MN474179.1	100.0	1.7899999999999994e-71	uncultured bacterium	77133	NaN;NaN;NaN;NaN;NaN;uncultured bacterium
ERR2319745.1113	KY878431.1	100.0	1.7899999999999994e-71	uncultured bacterium	77133	NaN;NaN;NaN;NaN;NaN;uncultured bacterium
ERR1079964.7	CP048437.1	100.0	6.429999999999998e-71	Faecalibacterium prausnitzii A2-165	411483	Firmicutes;Clostridia;Clostridiales;Ruminococcaceae;Faecalibacterium;Faecalibacterium prausnitzii
ERR2319745.9193	KC303773.1	100.0	1.7899999999999994e-71	uncultured bacterium	77133	NaN;NaN;NaN;NaN;NaN;uncultured bacterium
ERR1458766.19798	KY049721.1	100.0	6.369999999999999e-71	uncultured bacterium	77133	NaN;NaN;NaN;NaN;NaN;uncultured bacterium
ERR1160658.675	MT516160.1	99.206	5.17e-56	Enterococcus faecium	1352	Firmicutes;Bacilli;Lactobacillales;Enterococcaceae;Enterococcus;Enterococcus faecium
ERR1079964.4968	KY048547.1	100.0	1.7899999999999994e-71	uncultured bacterium	77133	NaN;NaN;NaN;NaN;NaN;uncultured bacterium
ERR2319745.7837	FP078832.1	100.0	1.7899999999999994e-71	uncultured bacterium	77133	NaN;NaN;NaN;NaN;NaN;uncultured bacterium
ERR1845804.3073	MT275475.1	100.0	6.369999999999999e-71	Erysipelatoclostridium ramosum	1547	Firmicutes;Erysipelotrichia;Erysipelotrichales;Erysipelotrichaceae;Erysipelatoclostridium;Erysipelatoclostridium ramosum
ERR1160658.376	KY301664.1	99.206	5.17e-56	uncultured bacterium	77133	NaN;NaN;NaN;NaN;NaN;uncultured bacterium
ERR1842255.11526	JQ940872.1	100.0	6.369999999999999e-71	uncultured bacterium	77133	NaN;NaN;NaN;NaN;NaN;uncultured bacterium
ERR1079964.2821	JN612120.1	100.0	1.7899999999999994e-71	uncultured bacterium	77133	NaN;NaN;NaN;NaN;NaN;uncultured bacterium
ERR2319745.31363	MT509819.1	100.0	6.369999999999999e-71	Dialister invisus	218538	Firmicutes;Negativicutes;Veillonellales;Veillonellaceae;Dialister;Dialister invisus
ERR1842835.339	MK274834.1	100.0	6.369999999999999e-71	uncultured bacterium	77133	NaN;NaN;NaN;NaN;NaN;uncultured bacterium
ERR1458766.1914	MH228452.1	100.0	6.369999999999999e-71	uncultured bacterium	77133	NaN;NaN;NaN;NaN;NaN;uncultured bacterium
ERR1458766.819	LR647866.1	100.0	6.369999999999999e-71	uncultured bacterium	77133	NaN;NaN;NaN;NaN;NaN;uncultured bacterium
ERR1458766.3609	MH291839.1	100.0	6.369999999999999e-71	uncultured bacterium	77133	NaN;NaN;NaN;NaN;NaN;uncultured bacterium
ERR1080303.4286	CP050831.1	99.338	8.309999999999998e-70	Bacteroides sp. CBA7301	2715212	NaN;NaN;NaN;NaN;NaN;uncultured bacterium
ERR1080303.232	HQ816221.1	100.0	1.7899999999999994e-71	uncultured organism	155900	NaN;NaN;NaN;NaN;NaN;uncultured organism
ERR2696499.590	CP053042.1	99.338	8.309999999999998e-70	Proteus cibarius	626774	Proteobacteria;Gammaproteobacteria;Enterobacterales;Morganellaceae;Proteus;Proteus cibarius
ERR2319745.9209	KU152706.1	100.0	1.7899999999999994e-71	uncultured bacterium	77133	NaN;NaN;NaN;NaN;NaN;uncultured bacterium
ERR2405131.2216	HQ814424.1	98.01299999999999	1.7999999999999995e-66	uncultured organism	155900	NaN;NaN;NaN;NaN;NaN;uncultured organism
ERR1845804.635	HQ766939.1	100.0	6.369999999999999e-71	uncultured organism	155900	NaN;NaN;NaN;NaN;NaN;uncultured organism
ERR1842255.2111	KT924959.1	100.0	6.369999999999999e-71	uncultured bacterium	77133	NaN;NaN;NaN;NaN;NaN;uncultured bacterium
ERR1160658.970	MK727100.1	100.0	1.1100000000000001e-57	uncultured bacterium	77133	NaN;NaN;NaN;NaN;NaN;uncultured bacterium
